PLAYER_ID,PTS,REB,AST,STL,BLK,FGA,FGM,FTA,FTM,TOV,GP
1630173,2985,2300,410,227,277,2500,1219,658,400,397,394
203500,6743,6115,1145,646,703,4786,2804,2129,1134,1083,764
1628389,8923,5024,2044,607,489,6389,3428,2598,1965,1218,567
1630534,2044,795,331,168,133,1786,787,229,164,223,279
1630583,2293,1226,444,146,141,1873,860,357,247,216,235
1641725,32,12,11,2,1,41,13,4,3,5,24
1629638,4313,1236,1146,334,194,3828,1564,624,459,594,505
1628960,4250,1216,812,293,112,3140,1416,657,563,399,403
1628386,8094,5870,1054,403,793,5024,3210,2320,1649,867,631
1630631,1856,505,714,271,46,1649,678,259,196,247,227
203937,5233,3273,2123,739,474,4299,2052,1134,813,751,775
203507,20538,8530,4288,961,1064,13668,7525,7134,4946,2586,859
1630175,4015,1372,1223,222,135,3380,1415,885,750,596,320
1628384,7066,2352,938,705,325,5598,2664,1017,773,730,542
1642379,0,0,0,0,0,0,0,0,0,0,0
1630166,4045,2236,1008,287,159,3117,1441,991,746,599,359
1629028,6542,4167,649,292,380,4926,2905,932,704,688,398
1630542,67,70,10,9,12,69,27,10,8,7,10
1628963,4738,2623,355,181,240,3665,1921,1059,736,441,418
1631116,396,213,46,30,23,334,140,42,27,40,117
1630163,4859,1379,1710,340,76,4073,1716,863,722,769,231
1628366,3262,1565,1678,438,179,3033,1206,314,188,678,287
1628964,2922,2350,370,154,534,2351,1122,476,324,337,445
1631094,4432,1396,919,167,114,3440,1531,1478,1079,583,198
1630217,5580,1438,1179,312,117,4333,2045,768,678,577,313
1630625,2020,660,549,150,97,1839,740,433,322,311,270
1631230,402,300,79,31,49,312,162,100,68,29,96
203084,15072,5103,1854,722,191,11613,5299,3528,2861,1222,1070
1630567,4756,2065,1368,331,267,3953,1843,1014,772,640,276
1629628,8463,2465,1469,290,129,6899,3088,2221,1554,995,445
1629646,488,483,93,43,97,339,214,88,57,87,113
1641734,78,21,18,2,3,87,28,4,1,10,25
1642419,419,158,53,17,10,347,149,18,16,27,59
201587,11580,5720,3676,1076,735,9400,4111,1849,1535,1706,1191
1641878,109,50,56,15,2,130,42,15,13,31,15
203078,17257,3246,3432,882,339,13664,6346,3467,2848,1938,801
1627736,8378,2043,988,492,84,7173,3026,686,531,621,714
1630699,635,302,88,42,16,539,231,105,76,102,170
1641736,186,78,126,66,4,214,70,42,32,42,72
1630180,5165,1894,656,316,67,4196,1725,1080,914,352,369
1629048,1899,1456,409,153,361,1394,755,492,321,251,357
202687,4569,5318,635,244,1137,3336,1794,1787,981,835,907
1641710,1052,369,331,121,69,867,377,277,199,195,147
203992,7756,1838,1762,546,139,6455,2815,929,788,793,557
1629626,1243,709,126,55,153,925,504,183,137,178,202
1641737,337,245,27,26,69,192,135,100,67,61,58
1626164,16452,2718,3522,577,190,12390,5749,4042,3530,2035,673
1630527,1101,327,176,99,30,989,407,228,178,119,147
1628449,3612,2084,201,197,384,2629,1284,864,673,221,407
1631123,89,55,40,14,6,96,38,10,6,34,33
1628396,1153,1010,133,59,138,790,506,199,134,139,235
1631103,1598,380,321,71,17,1429,627,166,140,201,188
1631128,2178,897,396,168,89,1593,841,412,310,171,237
1641779,9,4,0,0,0,7,2,4,3,4,8
1628969,9875,2571,1790,741,378,7585,3652,1669,1425,818,639
1628970,6642,2627,1135,322,294,5399,2493,1119,924,675,424
1629052,1530,899,189,123,74,1204,504,481,334,133,233
1627763,7077,1917,2156,370,108,5621,2601,1285,1123,789,463
1628415,6970,1594,982,449,124,6173,2588,1122,902,704,492
1631232,142,58,13,10,10,109,53,30,22,12,14
1628971,5111,2377,1393,511,250,4213,1988,991,772,629,565
1627759,11436,3208,1589,612,228,8989,4298,2336,1696,1277,603
1641738,166,127,49,19,10,162,70,9,6,21,84
1629650,1260,1119,32,71,123,849,501,475,258,149,252
1628973,8821,1549,2449,351,48,6631,3241,1896,1561,850,487
1628418,3966,2292,410,159,305,2709,1568,753,586,302,458
1641723,134,54,44,10,7,139,52,26,17,18,27
202692,10589,3309,1926,661,209,8452,3479,2882,2355,1107,987
1630215,1531,327,637,135,42,1290,580,234,192,248,208
202710,18077,5285,4333,1600,436,12410,5866,6590,5562,1568,989
1641824,688,278,79,29,75,555,252,108,88,74,80
1631288,391,174,44,44,15,303,139,95,69,36,81
203484,10172,2708,1652,1057,265,8479,3627,1685,1385,923,912
1641739,1409,793,262,182,83,1154,525,225,166,193,148
203991,7954,6985,676,450,951,5628,3470,1863,1014,704,664
1642382,122,54,14,5,21,97,43,18,14,7,32
1642267,807,341,364,54,21,748,300,85,69,141,82
1642269,138,76,41,21,4,127,47,44,26,18,36
1628975,2422,797,747,266,113,2233,879,157,126,274,478
1628976,5171,3616,869,282,323,3841,1953,1333,972,661,437
1630618,14,8,6,3,0,15,4,6,5,5,8
1627936,2857,1201,1178,557,213,2282,1005,557,422,486,417
1642264,1190,297,332,74,22,988,423,344,249,177,81
1630658,270,256,59,18,20,212,101,82,64,49,68
1630577,1649,644,234,121,87,1327,558,220,188,153,190
1630551,736,492,98,85,52,586,283,97,71,72,123
1642279,5,8,2,0,1,5,2,2,1,2,7
1642353,18,12,6,5,1,24,7,4,2,2,13
1631108,1910,733,373,157,86,1527,651,366,310,224,264
1630528,987,266,231,103,31,860,388,179,132,180,152
1631321,109,64,40,11,5,93,42,33,18,25,56
1641740,163,53,26,36,2,120,56,37,29,8,40
1629634,3136,1683,409,222,246,2209,1338,586,409,221,307
203903,14231,2927,2568,718,138,12115,5315,2339,1935,1640,905
1629651,3214,2397,535,221,534,2194,1395,774,416,341,311
1642270,436,527,77,34,110,334,180,104,62,72,67
1641730,553,262,58,32,37,465,183,110,88,61,69
1629599,2148,619,366,141,43,1630,741,429,359,167,323
1642268,615,235,446,66,16,555,234,154,105,208,71
1628381,7553,3805,697,288,478,5380,2936,1502,1189,724,472
1641879,2,3,4,2,0,3,1,0,0,0,2
1628380,3420,2115,796,189,284,2680,1300,701,547,575,442
201144,17268,3636,7075,1676,256,13814,6045,3771,3113,2283,1239
1626192,3579,2023,829,283,159,2990,1309,362,280,329,595
1641731,1259,550,309,135,89,1056,451,316,230,212,122
1641741,705,260,113,40,14,575,231,224,176,57,105
1628470,3595,2382,633,316,330,3035,1376,394,280,394,612
1642384,13,8,1,1,2,11,5,4,2,1,15
203109,9600,4343,1635,997,339,7973,3316,1834,1430,866,1039
1630595,4588,1121,1530,215,125,3879,1730,855,729,794,208
203552,6665,1393,1309,436,93,5205,2448,724,627,659,660
201939,25386,4819,6540,1553,265,18356,8648,4424,4032,3187,1026
1642359,30,18,5,3,2,31,10,6,4,4,18
1630700,1654,873,631,357,91,1442,681,233,143,271,196
1642368,24,21,2,1,5,13,10,5,4,2,4
203076,20239,9005,2190,1092,1925,14499,7570,5915,4689,1686,838
1631098,395,175,71,43,24,403,160,66,37,37,112
1631120,68,32,34,8,4,65,25,13,9,19,36
201942,25292,5208,4869,1170,393,19315,9064,7778,6549,2379,1187
1642484,30,12,14,7,2,33,11,2,2,5,11
1628978,4849,1953,1317,543,120,4046,1701,583,456,668,458
1631217,491,512,64,58,49,346,201,146,88,72,104
1641711,1287,325,166,82,12,1092,454,206,177,133,114
1631172,468,237,114,39,19,422,179,55,40,63,109
1642265,219,50,98,20,1,211,93,15,8,53,49
203915,11161,2605,4370,610,226,8760,3642,3129,2493,1347,843
1629029,14286,4290,4083,645,224,10346,4820,4099,3091,1956,500
1629652,4442,1403,585,348,150,3706,1511,868,686,406,363
1630245,2856,811,912,233,109,2273,1140,344,266,379,279
1630288,436,139,156,50,18,375,173,62,46,35,96
1628408,700,337,204,65,35,670,270,116,75,93,130
203083,13570,13076,1484,1383,1358,10542,5687,4359,2173,2064,1080
1630537,1348,467,231,109,27,1190,483,225,183,158,177
1642505,36,26,5,5,0,30,12,2,2,4,21
1630561,231,111,47,27,8,218,91,43,33,32,55
1627739,3116,1355,1617,597,171,2907,1271,425,313,634,407
1642346,511,267,57,44,40,477,205,39,19,40,74
201142,31937,8141,5143,1208,1340,21861,11025,8605,7603,3710,1170
1631105,2371,2111,431,131,195,1508,985,580,401,357,206
1631106,1661,1011,198,224,116,1408,656,282,209,186,161
1641744,610,548,65,36,85,433,251,127,90,88,66
1630162,9097,2017,1600,504,233,7167,3200,1976,1588,1099,381
1642399,0,0,1,0,0,0,0,0,0,0,2
1642348,445,148,69,45,16,378,172,46,32,49,44
1630556,745,451,134,86,60,670,283,71,55,88,214
1631165,1000,344,211,177,93,712,341,128,103,109,153
203954,12523,4987,1658,411,738,8212,4117,4538,3757,1547,452
1630623,55,9,12,3,1,52,17,10,8,8,7
1629234,3008,2316,508,178,392,2015,1212,765,555,446,516
1641787,469,240,87,36,20,362,166,123,89,57,62
203957,2150,690,768,148,60,1807,790,409,312,410,355
1628981,1113,904,199,65,147,813,446,325,214,199,289
1642271,690,440,140,48,22,518,260,143,93,102,72
1627827,6009,3235,1041,598,324,5045,2184,665,478,632,720
1641745,68,27,16,8,3,103,26,2,1,4,39
1642280,11,4,0,0,0,11,4,3,3,1,6
1630201,1564,490,544,158,31,1428,563,261,194,211,286
1631323,2158,793,309,134,66,1781,769,260,213,229,259
1628368,12858,2380,3654,847,246,10122,4749,3218,2427,1623,593
1642402,46,30,9,3,3,37,16,19,13,6,22
1628365,2656,817,1111,286,70,2389,1124,444,325,451,255
1642277,103,71,19,18,11,92,35,22,18,12,50
1629655,4691,2920,541,281,812,2753,1955,1162,781,475,506
1629636,7204,1015,2558,447,44,5818,2635,1196,1037,1127,382
1630585,41,29,20,8,5,48,16,9,5,8,16
1630568,604,248,53,22,12,443,217,173,121,50,124
1641718,2099,464,709,82,16,1734,678,508,422,371,142
1642273,590,285,169,68,50,546,203,93,70,97,68
202331,18697,5684,3369,1539,401,14553,6400,4160,3548,2423,908
201959,9277,6249,1030,574,1036,7474,3858,2107,1501,1155,1100
1630581,3942,2100,1703,243,140,3433,1593,572,437,752,280
1628983,11294,2211,2362,666,370,7872,3943,3243,2794,1072,462
1630264,773,395,122,44,40,549,281,221,166,74,230
1631221,281,99,105,34,5,227,100,34,27,31,57
203497,10458,9700,1123,576,1718,5950,3903,4137,2652,1337,829
1630692,1304,824,520,184,73,1264,503,198,150,195,207
203932,10375,4758,2100,555,479,8136,3927,2463,1700,1165,770
201569,14990,2247,2691,819,350,11867,5112,3147,2550,1780,994
1641789,24,5,6,2,1,23,9,4,2,5,16
203924,9865,3031,1196,518,827,7488,3364,2888,2153,958,799
1631260,947,283,160,52,11,745,318,50,43,61,164
203110,7665,6087,4948,1183,888,6299,2831,1775,1261,2027,881
1630224,6173,1310,1030,240,91,5082,2143,1387,1108,729,307
1629750,1892,1102,260,311,143,1412,697,428,318,182,372
201145,17971,6035,2214,949,721,14511,6500,4332,3480,1924,1498
1630182,1941,777,448,224,46,1526,736,291,200,263,291
1629656,3976,1171,782,296,95,3139,1389,635,483,435,369
1631243,221,161,31,33,37,194,80,48,37,16,39
1629060,5025,1921,497,228,127,3994,1975,852,648,355,400
1630169,7023,1529,3575,624,248,5332,2540,1086,926,910,410
1641790,33,22,4,0,4,24,14,4,3,2,19
203501,12325,2560,1645,549,116,10251,4250,2223,1819,904,878
201935,30202,7321,9458,1850,724,20336,8923,10337,8912,4721,1260
1630702,1446,309,255,67,16,1226,521,241,184,190,178
1641989,32,21,8,10,1,35,11,6,3,3,10
1631199,24,14,7,0,1,24,9,3,3,0,11
203914,6828,1494,1219,695,150,5663,2509,1050,851,670,657
202699,20453,7848,2952,988,695,16369,7799,3705,3093,1774,1263
1628404,7023,4687,2202,704,209,5342,2564,1472,1109,967,660
1628392,2820,2604,812,291,390,1988,1170,661,451,456,425
1630573,1894,733,227,111,61,1478,666,47,40,87,256
1641722,1128,306,136,49,30,1012,381,178,147,98,123
1629637,2494,1443,259,169,247,1491,967,761,530,263,367
1630165,1758,637,1121,249,97,1801,689,265,206,427,216
1630703,1705,392,671,116,26,1482,594,410,325,389,128
1641707,306,200,34,33,34,258,112,33,26,29,43
1629639,6987,1802,1460,263,70,5674,2540,1056,923,811,361
1627741,13876,3827,2361,795,303,11701,5031,1231,1058,1512,961
1629312,1171,681,233,160,87,992,445,114,69,137,218
1628988,3297,831,1053,304,89,2842,1205,492,420,454,511
201950,16422,4340,6440,1473,535,13928,6434,2513,1980,2673,1037
1641842,522,218,82,49,17,416,197,122,92,72,81
1626158,4363,2788,504,254,468,2981,1797,959,719,430,529
1641747,0,0,0,0,0,0,0,0,0,0,0
1631096,1836,905,263,76,261,1294,672,409,319,187,114
1641720,246,67,82,13,16,241,84,62,48,45,51
201143,14705,8944,3629,866,1300,11900,6062,2104,1605,1569,1138
1629659,2809,800,852,237,110,2426,1036,633,488,424,305
1631216,685,258,94,49,17,578,226,61,51,47,168
1641724,296,77,50,15,13,292,108,27,18,39,78
1628989,6282,1843,1570,510,189,5392,2370,512,387,650,551
1630643,513,165,51,22,64,348,181,74,61,41,95
1630574,48,51,11,1,15,31,21,13,6,21,25
1629631,5927,1594,589,274,110,4515,2053,1306,1077,530,391
1630538,2570,563,692,181,62,2200,877,404,343,344,266
1642345,255,222,71,28,29,187,113,50,29,39,61
204060,5722,2195,2589,622,101,4514,2018,593,459,1058,723
1627742,9656,2566,2130,358,280,7541,3528,2429,1913,1268,495
1631127,4,9,3,3,0,4,2,0,0,1,5
202681,20056,3477,4696,1088,382,15516,7381,3633,3230,2070,839
1628371,2097,1359,222,263,360,1751,775,435,326,215,276
1631093,2917,676,802,146,69,2369,1016,775,578,516,181
1641713,908,288,88,40,29,762,315,193,144,96,77
1630543,1170,697,116,93,214,780,464,350,235,135,164
1631245,220,56,70,26,6,165,77,64,50,20,40
202704,13025,3026,4427,715,130,11565,4892,2163,1845,1915,1060
1641748,355,295,133,50,20,297,144,35,20,86,124
1628991,7518,2258,602,414,777,5700,2658,1891,1498,762,407
1631218,947,652,186,52,114,634,407,234,133,94,130
1642355,62,18,22,9,3,67,21,14,11,13,27
2544,42184,11731,11584,2345,1150,30583,15488,11735,8649,5471,1562
1631170,1459,575,361,138,34,1159,554,317,249,208,141
1629610,635,302,110,60,47,590,245,54,43,68,142
1641998,532,478,86,42,86,420,232,116,68,116,126
1642450,7,2,3,0,0,10,3,2,0,1,7
1629660,1986,467,648,166,22,1592,729,286,243,225,229
1630198,2434,643,361,168,46,1891,815,263,220,154,321
1642358,440,118,152,24,6,426,164,74,64,70,58
1629661,5045,1527,742,332,120,3809,1735,804,683,349,382
1630552,2023,1155,470,164,119,1607,810,358,255,257,184
201949,6739,3153,1871,681,766,5660,2668,1415,950,1215,907
1629640,5761,1992,797,258,93,4550,2127,1216,927,494,370
1630553,1593,510,389,160,61,1522,570,294,227,256,198
1642352,43,28,4,5,4,26,18,9,4,4,16
203999,16210,8141,5383,949,536,11142,6236,3550,2924,2176,745
1641732,378,214,108,59,31,329,146,81,52,56,108
1641794,135,121,58,16,4,133,51,28,17,28,54
1630529,2433,915,593,375,173,1837,877,522,430,316,240
1642403,134,57,12,5,10,83,54,36,23,16,40
1630539,575,384,69,48,78,352,250,98,68,73,147
1630222,393,134,104,17,3,287,122,150,97,62,83
1642461,26,17,5,5,5,34,11,3,3,5,20
1630200,2813,942,1582,291,45,2236,1103,534,447,355,343
1626145,5249,1374,3022,667,65,4564,2033,598,491,557,682
1627884,3651,1668,375,349,327,2713,1370,833,587,318,517
201599,10447,11951,1222,625,1675,6314,4234,4032,1977,1632,1228
202709,6345,2253,2730,687,201,5487,2428,1166,919,929,929
1631107,928,403,231,70,29,727,327,153,123,112,107
1630548,802,259,99,47,13,689,290,71,57,52,102
1642530,36,12,19,2,0,30,11,9,7,5,22
1630283,68,78,10,2,6,44,28,20,12,8,22
1628379,5063,1459,1136,281,61,3890,1792,500,443,495,519
1631117,1838,1808,226,92,465,1183,805,404,217,210,196
1630296,187,121,31,24,23,166,74,42,25,24,48
1630557,3229,822,431,134,61,2458,1166,395,318,267,292
1628467,2821,1934,508,179,378,2249,997,434,337,297,440
1641752,15,7,7,2,1,10,6,2,1,1,8
1642261,706,216,66,24,8,557,257,84,64,37,78
1628995,2830,1114,276,149,97,2514,1008,541,394,316,413
1642278,81,27,70,12,4,82,27,17,13,18,41
1631132,272,263,47,29,73,216,112,73,47,32,95
1629723,1298,1222,430,240,124,1056,495,150,109,153,307
1628436,1979,1321,415,128,332,1504,794,299,228,142,399
1630249,770,335,271,73,41,600,279,75,57,104,138
1630228,3225,1037,456,165,110,2387,1211,862,600,362,258
1628398,10174,3783,1598,340,300,8638,3873,1810,1287,1320,606
1631222,1400,709,395,165,62,1072,475,348,253,235,202
203897,15314,2980,2905,629,195,11554,5477,3110,2588,1933,728
1627746,1141,707,164,58,105,925,457,259,190,162,174
1629111,1195,727,215,59,87,899,466,251,192,142,221
1641796,251,92,65,32,7,203,89,61,41,24,55
1630639,484,178,55,27,9,399,178,102,62,35,98
1627747,9984,2612,2813,722,284,8426,3710,2037,1513,1204,693
1627814,2467,1002,421,195,28,1973,855,421,371,248,315
203458,5543,4300,726,300,748,4151,2160,1618,1085,868,855
202695,14733,4662,2236,1255,471,10736,5352,3306,2842,1212,733
1642502,2,3,1,0,0,2,0,4,2,1,6
1641721,243,114,44,20,15,237,94,23,16,38,90
1630604,25,14,4,3,3,21,9,4,4,4,20
203081,22598,3845,6069,874,267,16568,7266,5853,5262,2541,900
1641726,797,648,145,56,133,487,355,154,87,91,91
1641753,56,56,10,7,0,49,20,20,15,11,42
1626172,2977,3391,956,304,322,2189,1258,738,449,350,599
201572,17517,6737,1614,633,2060,13447,6680,3865,3082,1751,1105
201567,15930,9896,2288,593,380,12008,5239,4437,3679,1749,1014
200768,17427,5344,7627,1627,389,13211,5602,4779,3895,2830,1310
1641754,14,7,0,0,0,17,4,4,3,1,9
1626168,5721,3205,785,289,261,4580,2034,1248,940,590,725
1630572,1255,786,243,66,62,1011,465,228,164,130,234
1629611,3848,1650,911,274,106,2962,1485,634,489,364,479
1630544,2089,662,580,196,33,1882,788,276,216,288,222
1628374,8200,3201,657,314,222,6207,2824,1626,1410,625,450
1630230,2637,1137,675,232,55,2128,970,589,463,358,299
1628997,2961,1388,604,317,155,2465,1094,586,419,367,356
1628998,1951,1185,685,312,136,1719,744,377,252,293,312
1641798,156,88,34,18,0,148,62,20,18,24,32
1630231,3150,1503,470,183,179,2325,1267,605,407,301,412
1631213,544,231,124,35,9,488,198,60,48,76,76
1629726,2294,626,249,188,65,1639,656,535,452,147,368
1631097,3314,935,371,130,51,2467,1100,1010,836,384,209
1631255,325,209,46,22,41,235,135,44,34,43,42
1630178,6202,952,1403,290,107,4847,2235,1196,1036,449,318
1630540,1484,353,414,168,33,1324,536,168,131,101,236
1642272,352,56,60,15,0,274,126,56,49,37,23
1630644,41,17,14,2,2,34,15,7,5,9,8
203468,16784,3136,3320,774,348,14130,6407,2277,1799,1553,849
204456,5396,2054,3542,849,133,4663,2407,527,410,1126,706
1641755,6,8,2,1,1,7,2,2,2,0,4
1630183,3784,1526,562,334,306,3099,1494,467,351,416,366
1629667,2454,1175,422,248,118,2031,916,466,371,308,332
203926,7571,1893,871,194,86,6068,2830,828,664,558,908
1631121,561,198,107,37,16,446,185,171,131,77,118
1629162,1270,445,858,241,33,1054,468,189,141,204,334
1629098,14,5,1,0,2,17,5,0,0,2,9
1629001,3231,1316,988,502,172,2810,1152,494,385,488,356
1630241,1133,323,246,84,19,935,379,67,62,66,173
203995,1382,354,780,92,14,1286,508,232,190,352,202
203114,13341,3837,3216,938,159,10524,4848,2493,2188,1672,813
1641706,1847,446,273,95,62,1574,674,252,211,208,101
1641801,10,8,2,1,0,8,4,2,2,0,6
1641757,165,63,34,17,5,143,63,37,30,27,45
1631159,49,31,8,4,2,35,19,10,9,3,30
201988,8242,1548,2070,614,84,6969,2937,898,772,894,982
1629003,3430,962,1018,208,83,2835,1270,653,536,436,464
1631303,96,81,32,17,16,118,37,12,5,18,57
1642434,0,2,0,0,0,1,0,0,0,0,1
1631169,215,89,31,24,23,162,79,41,37,16,93
1642274,665,601,99,37,98,492,269,204,127,82,73
1642349,234,68,64,25,4,184,91,35,29,29,36
1630558,2866,700,1358,260,74,2517,1125,326,227,475,375
1628378,13320,2324,2530,740,173,10512,4720,2692,2262,1447,539
1630596,4412,2408,784,222,419,3235,1772,1032,716,514,269
1642367,389,311,146,55,34,356,156,82,60,70,63
1628370,6444,1377,1657,317,174,5352,2321,1019,864,844,523
1630541,1787,570,227,126,72,1398,628,315,244,145,255
1631386,24,16,6,4,0,29,10,4,2,5,6
1631111,360,220,108,53,16,313,145,49,40,66,126
1629630,6942,1448,2267,315,86,5344,2507,1975,1513,1037,307
202693,10136,4776,1553,730,461,8860,3889,1880,1459,1409,1021
1628420,4144,1046,1579,322,82,3450,1624,486,399,313,453
1630530,3448,976,462,219,117,2537,1152,622,544,214,251
1627749,7803,2925,2718,741,139,6853,3106,1249,987,1061,503
1627750,9623,2018,2509,542,197,7799,3551,1580,1375,1086,536
1631099,3090,1298,336,201,170,2577,1161,277,225,184,233
1631200,663,406,148,88,38,645,262,113,63,98,131
1629004,3083,841,662,257,50,2716,1094,369,275,423,471
1631250,79,45,20,5,4,70,29,6,2,9,34
1626204,5098,4041,1180,752,326,3864,2096,925,640,592,658
1629614,1988,556,947,212,30,1705,791,254,202,339,208
1630174,2570,946,305,190,114,1964,909,413,342,230,288
1641803,6,8,4,2,0,16,2,2,2,4,16
1627777,4830,1626,645,204,92,3892,1741,355,299,461,623
1630227,331,138,181,51,7,329,117,74,44,121,99
1630192,1053,566,100,81,116,776,395,248,162,102,251
1641936,7,9,0,2,1,9,2,2,1,0,3
1629669,1896,469,399,103,36,1655,731,292,231,154,218
203994,8106,6084,1706,626,755,6348,3178,2414,1589,1501,706
1626220,4852,3250,1655,542,307,4071,1717,440,336,673,679
1626143,2742,1255,238,76,213,2154,1169,585,397,368,276
1629643,1295,798,306,183,90,1213,474,139,109,134,207
1629006,2924,1343,513,436,193,2308,946,976,729,377,456
1630168,2960,2058,394,205,328,1921,1180,695,525,289,307
1630171,2708,930,536,263,126,2091,976,598,437,263,334
1642439,3,0,1,0,0,5,1,0,0,1,2
203482,10230,5230,2653,818,461,7459,3659,2215,1773,1640,992
1626162,9743,3357,831,770,385,8047,3533,2106,1587,831,724
101108,23011,5978,12499,2717,222,17352,8147,5579,4857,3093,1354
1626166,4691,1188,1893,386,122,4236,1768,542,452,667,626
203901,6003,2439,3592,719,195,5577,2495,1264,791,1370,611
1627780,1651,876,363,290,86,1270,699,168,104,184,315
1641809,65,41,14,7,2,47,21,9,7,9,28
1641763,455,205,52,45,27,364,160,95,73,37,119
1629618,242,85,128,23,5,215,92,12,9,33,76
1630590,1064,330,447,141,41,809,389,235,168,196,106
1631342,43,11,2,0,0,25,16,2,2,4,6
203486,8617,7072,2574,711,842,5676,3383,3172,1849,1449,1020
1641764,1429,752,493,130,27,1226,551,174,122,163,138
1627751,6208,4806,1280,447,843,4341,2737,1303,731,846,667
1629673,6942,1110,1552,356,115,5555,2343,1412,1241,956,412
1641854,473,176,189,38,30,368,188,88,64,83,102
1629645,4550,1398,1499,378,87,3784,1654,990,733,836,346
1629008,5597,2209,485,206,201,4247,2123,639,508,402,345
1626171,8528,5088,922,430,267,7252,3445,1076,826,790,704
204001,10869,4299,1032,402,993,8253,3805,2677,2231,916,552
1642366,340,148,56,16,18,274,123,27,21,33,42
1630695,251,232,41,20,21,201,91,30,25,39,64
203939,4844,3045,741,425,315,2983,1793,1535,1131,477,734
1626181,10293,2008,1166,631,201,7576,3567,2201,1823,961,731
1627752,6134,2233,1081,503,247,5102,2173,906,738,850,623
1630202,3153,952,883,185,36,2537,1151,222,190,278,347
1641765,322,205,62,33,10,278,110,117,77,22,92
1642389,0,0,0,0,0,1,0,0,0,0,3
1630243,256,107,66,45,21,247,92,42,36,43,62
1629674,521,400,72,32,73,354,222,108,77,60,110
1630193,5698,1356,1534,287,53,4466,1892,1241,1064,517,392
1631311,346,113,86,13,6,302,120,61,46,50,67
203944,13517,6492,2710,486,284,10384,4896,3816,2875,1994,710
1641871,811,342,93,45,52,665,300,115,89,68,114
1630559,4052,1067,1196,209,86,2785,1339,1021,881,490,280
1629629,3035,871,402,347,119,2585,1046,662,555,381,343
1630194,1275,1026,208,195,187,1005,551,200,141,160,260
1642024,152,94,8,20,20,108,52,24,18,12,30
1641810,305,63,39,21,4,248,113,35,28,30,44
1629675,4699,1983,542,256,367,3651,1779,786,572,484,406
1631197,364,154,50,27,18,284,134,64,55,28,59
1630208,2407,1984,205,74,276,1482,931,736,544,321,314
1626196,7701,2045,1752,691,346,6521,2800,1198,1019,884,684
1642258,942,268,92,52,37,779,357,149,106,92,75
1641857,9,12,2,2,2,8,2,10,5,6,13
1629130,4798,1113,777,225,75,3751,1628,389,340,424,423
1629011,2636,2639,212,306,620,1614,1129,724,378,234,337
1631115,821,650,213,53,52,683,315,196,149,132,155
1630526,1191,845,201,102,37,1014,447,167,133,125,197
1631223,1622,783,289,111,59,1488,624,253,175,215,266
1631157,460,146,138,63,24,345,167,85,68,85,94
1642050,22,11,4,4,0,17,8,6,3,1,6
1626179,10457,2857,2679,677,185,9044,3805,1610,1342,1003,726
1641712,310,162,87,28,7,303,112,55,42,61,91
1626156,13902,2670,4605,840,272,11583,4962,2415,1937,2087,803
1630346,427,100,53,19,3,365,140,40,35,36,116
1627734,11572,7632,3485,555,324,8039,4511,3012,2201,1857,708
1642275,353,280,74,29,14,345,114,94,67,58,60
1641766,44,42,1,1,0,34,18,12,8,6,13
1630611,309,221,94,29,12,234,110,59,45,49,79
1642259,869,435,161,44,101,828,326,165,112,114,67
1631204,961,194,369,81,16,808,356,117,101,144,128
1631248,113,65,33,17,2,110,39,12,9,12,31
203471,14707,3088,5285,876,158,12429,5347,3108,2602,2324,1062
1630578,4583,2446,1160,289,245,3449,1785,1300,911,694,286
1641729,1013,312,165,59,14,817,360,114,102,154,103
1629012,7658,1144,1505,317,53,5921,2784,1764,1479,951,407
1629013,4035,796,714,227,66,3250,1352,536,444,309,477
1630545,138,47,32,7,5,114,55,21,17,15,32
1630549,1237,1079,230,90,133,931,512,293,190,205,191
1631101,2634,720,386,128,52,2186,981,466,363,305,184
1642347,533,115,316,58,10,504,204,69,53,117,75
1641767,584,266,138,71,16,516,210,53,47,37,120
1642263,229,78,75,35,17,239,84,16,13,37,52
1627783,13062,4748,2603,632,399,9957,5013,2978,2259,1273,709
1627732,5277,3081,3039,606,278,3943,2192,1492,888,1253,434
1629014,5837,973,1265,200,48,4804,2069,832,732,627,389
1642354,282,109,112,34,6,301,104,50,41,56,36
1630579,556,952,137,54,107,358,250,95,56,129,244
203935,7040,2254,3004,1033,237,6100,2369,1614,1251,1252,669
1630696,214,98,81,50,17,184,82,20,17,28,53
1630188,2760,1739,246,86,228,2061,1040,541,409,244,322
1642449,14,8,0,0,0,9,6,3,2,2,1
1641890,67,25,4,3,4,50,24,8,6,8,23
1631095,2752,1584,282,120,176,2291,990,517,416,254,212
1641733,893,200,204,27,13,857,335,61,56,121,111
1631110,2092,1123,519,150,90,1797,841,385,279,321,184
1642285,106,30,34,9,1,82,34,19,19,6,25
1630311,102,50,53,14,3,105,43,15,11,19,45
1630531,588,288,162,127,43,512,206,168,130,104,202
1641815,0,2,0,1,0,2,0,0,0,0,3
1630205,1494,759,166,126,97,1286,592,302,222,149,258
1630191,2631,2177,407,126,337,2037,1033,516,378,354,307
1631124,815,203,130,56,23,708,292,121,96,80,115
1629622,3209,1057,728,171,71,2645,1129,298,242,301,309
1630591,2598,702,698,283,126,2187,917,548,427,471,211
1631306,169,68,15,9,5,173,62,4,2,16,45
1630256,2449,1226,595,246,106,1960,967,486,340,343,296
1628369,13784,4293,2243,639,384,10429,4789,3167,2660,1389,585
1630678,542,304,73,25,22,410,233,78,52,48,129
202066,5361,1981,1419,710,283,4752,1907,969,714,788,897
1631207,591,274,200,82,38,497,221,133,88,93,170
1628464,4291,2767,724,272,478,3198,1713,784,562,479,583
1630560,3255,553,442,113,33,2603,1144,764,657,304,215
1641708,1562,973,428,175,127,1143,627,402,275,228,131
1641709,1150,705,254,166,99,940,478,261,162,164,122
1630679,0,0,0,0,0,0,0,0,0,0,0
202691,16536,3041,1988,726,443,13657,6155,1778,1529,1424,865
202684,7166,6716,834,401,547,5575,2899,2305,1357,913,876
1630550,670,437,96,57,79,594,249,131,86,87,205
1629680,1991,850,441,625,311,1719,752,202,134,223,418
1630214,1673,1189,394,264,170,1432,708,317,176,205,314
1631166,109,65,20,4,1,102,45,16,10,15,9
1641772,36,21,2,0,1,32,13,11,8,2,5
1642260,0,0,0,0,0,0,0,0,0,0,0
1631210,59,37,15,4,1,53,23,2,2,7,43
1630167,3074,1231,428,158,131,2279,1191,411,317,254,362
1626157,14880,7136,2037,523,771,10424,5460,3395,2843,1745,645
1642422,14,15,1,4,2,19,6,7,2,3,9
1631247,12,20,8,1,1,20,5,2,2,8,12
1629018,6586,1135,679,536,85,5586,2351,861,704,328,473
1631131,133,138,11,15,2,90,52,39,29,10,22
200782,6648,5538,1401,1114,309,5727,2414,1085,817,930,1050
1626167,9031,4349,813,440,1412,6683,3336,2078,1603,909,642
1641816,154,87,22,11,6,140,53,28,21,16,69
1642281,167,96,44,13,3,149,64,24,19,26,47
1630649,144,68,15,12,14,111,42,38,33,17,47
202685,13885,9769,1535,435,967,9904,5542,3183,2541,1741,1067
1627832,8204,1884,3121,757,253,6885,2763,1498,1292,910,550
1629020,2439,2517,622,412,152,1769,986,597,389,399,398
1630170,4280,1144,788,319,132,3607,1602,571,460,333,303
1629216,1990,433,569,210,32,1819,721,178,148,271,278
1641774,415,166,52,16,30,309,149,89,69,52,45
202696,18358,10987,3081,886,892,15729,7796,2182,1692,1796,1042
1629731,1482,1001,284,176,98,1221,523,149,101,108,283
1630532,5552,1408,1067,296,100,4350,2063,1171,1002,561,291
1629021,3638,1582,489,211,127,2488,1291,947,765,461,408
1631133,1167,850,142,85,41,936,435,287,212,129,188
1641716,581,292,150,69,36,470,215,78,54,95,108
1629022,3418,791,518,184,93,3007,1268,484,385,306,342
1641717,1129,416,293,196,72,931,449,74,59,104,150
1630811,168,50,81,28,9,162,65,11,11,33,31
1641775,97,89,24,17,12,98,36,14,8,20,61
1642266,449,160,81,43,10,393,159,83,66,50,52
1642276,595,473,60,39,71,464,257,67,46,57,64
1629023,6060,2693,1019,450,441,5072,2263,1024,722,723,463
1631102,194,63,68,21,2,225,78,24,13,19,58
1630322,1062,408,180,92,48,955,374,49,38,68,208
1630570,1705,791,407,107,71,1251,651,413,313,261,217
1641817,8,3,2,1,0,9,4,0,0,2,9
1631212,1158,528,191,92,192,934,441,263,177,122,171
1642377,823,268,135,44,8,676,287,135,111,69,79
1641705,2638,1261,442,140,430,2043,959,556,450,409,117
1631104,669,237,378,91,20,616,252,183,116,174,156
201566,27364,9100,10476,2031,439,22481,9860,8059,6188,5084,1310
1630762,8,8,2,1,2,21,3,2,2,1,5
1629632,6405,1539,1618,292,72,5262,2278,999,864,752,422
1628401,7391,2069,2431,469,504,5737,2550,1443,1232,813,569
1641727,117,33,15,6,2,101,40,7,4,15,22
1641715,1056,331,82,61,30,870,391,184,130,92,98
1630598,2351,869,368,185,62,1805,909,316,251,234,274
203952,16422,3968,2111,847,621,13530,6076,3967,2882,1656,880
1631214,10,2,1,0,1,10,4,1,1,4,9
1630314,638,145,187,49,16,524,223,180,134,104,74
1642262,230,113,59,23,16,257,83,40,29,44,50
1629684,3508,1711,726,247,239,2699,1222,639,492,496,456
1631114,3901,988,924,294,126,2955,1515,711,571,396,215
1631119,842,737,306,78,68,683,294,125,94,106,165
1629026,2490,1609,695,297,100,2134,1004,255,140,283,391
1631109,1300,935,149,76,119,849,528,324,244,128,106
1631466,181,51,26,15,7,151,78,24,14,22,47
1630172,2636,1126,404,233,190,2182,987,420,323,358,276
1630533,1763,675,259,147,55,1518,639,275,223,211,213
1629057,1691,1603,325,172,388,1039,751,279,188,204,235
1631246,730,403,234,65,43,586,248,156,125,130,94
1629627,5279,1415,920,219,138,3468,2041,1690,1165,608,214
1630592,963,401,190,51,9,799,322,211,173,98,122
1630164,1800,1097,140,37,129,1355,758,384,264,228,193
1631209,122,32,28,11,0,108,42,34,25,18,21
1626153,5289,2337,2358,933,271,4389,1938,1122,892,673,773
1627824,941,500,179,70,36,701,343,182,130,114,144
1642385,3,2,0,0,0,7,1,2,1,0,5
1642443,11,3,6,0,0,5,4,2,2,1,6
1629027,12220,1687,4748,505,74,8935,3865,3679,3213,2051,483
1627826,6478,5104,857,232,626,4367,2669,1556,1139,775,643
1641783,533,245,113,33,18,483,199,63,55,56,74
1628427,485,251,123,39,22,381,180,72,61,74,143
203967,6333,3290,1141,343,113,5089,2257,1209,1018,873,631
