,PLAYER_ID,SCHOOL_NAME,STANDING_VERTICAL_LEAP,MAX_VERTICAL_LEAP,LANE_AGILITY_TIME,THREE_QUARTER_SPRINT,full_name,POSITION,HEIGHT_WO_SHOES,WEIGHT,WINGSPAN,STANDING_REACH,PTS,REB,AST,STL,BLK,FGA,FGM,FTA,FTM,TOV,GP
0,203500,Pittsburgh,28.5,33.0,11.85,3.4,Steven Adams,C,82.75,254.5,88.5,109.5,6743,6115,1145,646,703,4786,2804,2129,1134,1083,764
1,1628389,Kentucky,33.5,38.5,11.94,3.24,Bam Adebayo,PF-C,80.75,242.6,86.75,108.0,8923,5024,2044,607,489,6389,3428,2598,1965,1218,567
2,1630534,Kansas,32.0,41.5,10.88,3.13,Ochai Agbaji,SG,76.5,214.40,82.0,103.5,2044,795,331,168,133,1786,787,229,164,223,279
3,1641725,Creighton,29.5,34.0,11.6,3.35,Trey Alexander,SG,75.25,184.60,82.0,101.5,32,12,11,2,1,41,13,4,3,5,24
4,1628960,Duke,32.5,40.5,10.31,3.15,Grayson Allen,SG,75.0,198,79.25,97.0,4250,1216,812,293,112,3140,1416,657,563,399,403
5,1628386,Texas,31.5,35.5,11.82,3.21,Jarrett Allen,C,81.0,233.6,89.25,109.5,8094,5870,1054,403,793,5024,3210,2320,1649,867,631
6,1630542,Arizona State,32.5,38.5,12.26,3.17,Marcus Bagley,SF,78.0,216.80,83.0,102.5,67,70,10,9,12,69,27,10,8,7,10
7,1631116,Wills,23.5,26.5,12.25,3.45,Patrick Baldwin Jr.,SF,81.25,230.80,85.75,110.5,396,213,46,30,23,334,140,42,27,40,117
8,1631230,nan,28.5,34.0,11.29,3.33,Dominick Barlow,PF,80.75,221.00,87.0,108.5,402,300,79,31,49,312,162,100,68,29,96
9,203084,North Carolina,38.0,39.5,10.93,3.16,Harrison Barnes,SF-SG,79.0,227.8,83.25,101.5,15072,5103,1854,722,191,11613,5299,3528,2861,1222,1070
10,1630567,nan,36.0,39.5,10.88,3.15,Scottie Barnes,SF,79.0,225.40,86.75,108.0,4756,2065,1368,331,267,3953,1843,1014,772,640,276
11,1629646,Western Kentucky,29.0,33.0,12.65,3.53,Charles Bassey,C,80.75,239,87.5,109.5,488,483,93,43,97,339,214,88,57,87,113
12,1641734,Memphis,27.0,32.5,11.54,3.49,Emoni Bates,SF,80.25,179.20,81.0,105.0,78,21,18,2,3,87,28,4,1,10,25
13,203078,Florida,33.0,39.0,10.95,3.28,Bradley Beal,SG,75.25,201.8,80.0,100.0,17257,3246,3432,882,339,13664,6346,3467,2848,1938,801
14,1641736,Virginia,30.5,38.0,10.99,3.14,Reece Beekman,PG,73.5,190.60,79.0,100.5,186,78,126,66,4,214,70,42,32,42,72
15,1641710,Arkansas,32.0,39.0,11.04,3.35,Anthony Black,PG,77.75,210.00,79.5,102.5,1052,369,331,121,69,867,377,277,199,195,147
16,1641737,California-Los Angeles,35.0,40.0,11.01,3.15,Adem Bona,C,80.25,243.20,87.75,108.0,337,245,27,26,69,192,135,100,67,61,58
17,1626164,Kentucky,27.5,34.5,10.27,3.28,Devin Booker,SG,76.5,205.8,80.25,102.5,16452,2718,3522,577,190,12390,5749,4042,3530,2035,673
18,1628396,North Carolina,24.5,27.5,11.79,3.44,Tony Bradley,C,81.25,248.8,89.0,112.5,1153,1010,133,59,138,790,506,199,134,139,235
19,1631103,Ohio State,29.0,35.0,11.38,3.17,Malaki Branham,SG,76.0,194.80,82.0,102.5,1598,380,321,71,17,1429,627,166,140,201,188
20,1631128,Kansas,33.5,40.0,11.0,3.16,Christian Braun,SG,77.5,209.20,78.5,99.5,2178,897,396,168,89,1593,841,412,310,171,237
21,1641779,nan,25.0,32.0,11.14,3.16,Jalen Bridges,SF,78.75,213.40,82.0,105.0,9,4,0,0,0,7,2,4,3,4,8
22,1629052,Syracuse,34.0,37.5,11.3,3.48,Oshae Brissett,SF-PF,79.0,203.2,84.0,104.0,1530,899,189,123,74,1204,504,481,334,133,233
23,1627763,Virginia,30.5,35.5,10.77,3.31,Malcolm Brogdon,SG,75.75,223,82.5,98.0,7077,1917,2156,370,108,5621,2601,1285,1123,789,463
24,1628415,Oregon,31.0,37.5,11.14,3.21,Dillon Brooks,SG-SF,77.0,220.2,78.0,100.5,6970,1594,982,449,124,6173,2588,1122,902,704,492
25,1628971,Miami (FL),32.5,38.0,11.11,3.2,Bruce Brown,SG-PG,75.5,194.6,81.0,98.5,5111,2377,1393,511,250,4213,1988,991,772,629,565
26,1641738,Missouri,28.5,32.0,11.39,3.33,Kobe Brown,PF,78.5,252.20,84.75,106.5,166,127,49,19,10,162,70,9,6,21,84
27,1629650,California-Los Angeles,27.0,31.0,11.95,3.51,Moses Brown,C,85.25,237.2,88.75,113.0,1260,1119,32,71,123,849,501,475,258,149,252
28,1628973,Villanova,29.0,37.0,10.59,3.15,Jalen Brunson,PG,73.0,198.4,76.0,96.0,8821,1549,2449,351,48,6631,3241,1896,1561,850,487
29,1628418,Indiana,25.5,33.0,11.42,3.37,Thomas Bryant,PF-C,81.5,247.8,90.0,112.5,3966,2292,410,159,305,2709,1568,753,586,302,458
30,1641723,Michigan,29.0,36.0,11.71,3.26,Kobe Bufkin,SG,76.25,186.80,79.75,102.5,134,54,44,10,7,139,52,26,17,18,27
31,202692,Colorado,29.0,36.0,10.96,3.17,Alec Burks,SG,77.0,192.6,82.0,103.5,10589,3309,1926,661,209,8452,3479,2882,2355,1107,987
32,202710,Marquette,32.0,39.0,11.12,3.15,Jimmy Butler III,SF,78.0,222.2,79.5,101.5,18077,5285,4333,1600,436,12410,5866,6590,5562,1568,989
33,1641824,nan,31.0,38.0,10.73,3.09,Matas Buzelis,SF,80.75,197.00,82.0,105.5,688,278,79,29,75,555,252,108,88,74,80
34,203484,Georgia,29.0,34.5,10.6,3.12,Kentavious Caldwell-Pope,SG,76.5,203.6,80.0,100.5,10172,2708,1652,1057,265,8479,3627,1685,1385,923,912
35,1641739,Georgia,28.5,33.0,10.7,3.41,Toumani Camara,PF,79.0,220.40,84.5,107.0,1409,793,262,182,83,1154,525,225,166,193,148
36,1642267,nan,28.5,36.5,11.28,3.16,Bub Carrington,PG,75.75,194.80,80.0,99.0,807,341,364,54,21,748,300,85,69,141,82
37,1642269,nan,35.0,42.0,10.63,2.87,Devin Carter,SG,74.25,193.00,80.75,98.0,138,76,41,21,4,127,47,44,26,18,36
38,1628975,West Virginia,29.0,36.5,11.04,3.18,Jevon Carter,PG,72.25,196.2,76.25,95.0,2422,797,747,266,113,2233,879,157,126,274,478
39,1642264,nan,28.5,37.0,10.93,3.19,Stephon Castle,SG,77.5,210.00,81.0,102.0,1190,297,332,74,22,988,423,344,249,177,81
40,1630577,St. John's (NY),26.0,32.0,12.38,3.2,Julian Champagnie,SF,78.5,217.40,82.0,106.5,1649,644,234,121,87,1327,558,220,188,153,190
41,1630551,Pittsburgh,27.0,35.0,11.94,3.34,Justin Champagnie,PF,77.75,206.40,81.5,104.0,736,492,98,85,52,586,283,97,71,72,123
42,1642279,nan,29.0,35.5,11.74,3.1,Ulrich Chomche,C,82.25,232.40,88.0,109.0,5,8,2,0,1,5,2,2,1,2,7
43,1642353,nan,32.5,35.5,11.07,3.07,Cam Christie,SG,76.5,190.40,80.0,101.5,18,12,6,5,1,24,7,4,2,2,13
44,1631108,Michigan State,32.0,37.5,10.82,3.07,Max Christie,SG,76.25,189.20,80.75,102.5,1910,733,373,157,86,1527,651,366,310,224,264
45,1630528,Arizona State,29.5,37.5,11.32,3.14,Josh Christopher,SG,75.25,214.80,81.25,101.0,987,266,231,103,31,860,388,179,132,180,152
46,1631321,nan,30.5,35.5,11.24,3.31,Sidy Cissoko,SF,77.5,223.80,81.75,104.0,109,64,40,11,5,93,42,33,18,25,56
47,1629634,San Jose State,34.0,40.5,10.61,3.15,Brandon Clarke,SF,79.25,207.2,80.25,102.0,3136,1683,409,222,246,2209,1338,586,409,221,307
48,203903,Tulsa,33.0,38.5,10.76,3.28,Jordan Clarkson,PG,75.25,186.3,80.0,98.0,14231,2927,2568,718,138,12115,5315,2339,1935,1640,905
49,1629651,Georgia,31.5,36.5,11.26,3.36,Nic Claxton,C,82.0,216.6,86.5,110.0,3214,2397,535,221,534,2194,1395,774,416,341,311
50,1642270,nan,25.5,29.0,12.06,3.46,Donovan Clingan,C,85.75,282.00,90.75,115.0,436,527,77,34,110,334,180,104,62,72,67
51,1642268,nan,30.0,34.0,10.77,3.04,Isaiah Collier,PG,74.5,204.60,76.75,97.5,615,235,446,66,16,555,234,154,105,208,71
52,1628381,nan,33.0,37.5,11.66,3.27,John Collins,PF,80.25,225.2,83.25,106.5,7553,3805,697,288,478,5380,2936,1502,1189,724,472
53,201144,Ohio State,35.5,40.5,11.63,3.09,Mike Conley,PG,71.0,175,77.75,94.5,17268,3636,7075,1676,256,13814,6045,3771,3113,2283,1239
54,1626192,Notre Dame,37.5,44.0,10.58,3.2,Pat Connaughton,SG,76.0,215,80.0,96.0,3579,2023,829,283,159,2990,1309,362,280,329,595
55,1641741,Wichita State,30.5,37.0,11.2,3.33,Ricky Council IV,SF,77.0,208.00,81.0,103.0,705,260,113,40,14,575,231,224,176,57,105
56,203109,Marquette,31.0,34.5,11.45,3.37,Jae Crowder,SF,76.75,241.2,81.25,99.5,9600,4343,1635,997,339,7973,3316,1834,1430,866,1039
57,201939,Davidson,29.5,35.5,11.07,3.28,Stephen Curry,PG-SG,74.0,181,75.5,97.0,25386,4819,6540,1553,265,18356,8648,4424,4032,3187,1026
58,1642359,nan,29.0,36.0,11.84,3.21,Pacome Dadiet,SF,79.75,216.8,81.0,107.5,30,18,5,3,2,31,10,6,4,4,18
59,1630700,nan,29.0,34.0,10.81,3.22,Dyson Daniels,SG,78.0,195.20,82.5,105.0,1654,873,631,357,91,1442,681,233,143,271,196
60,1642368,nan,27.0,33.0,11.55,3.23,N'Faly Dante,C,82.0,260.20,90.0,111.0,24,21,2,1,5,13,10,5,4,2,4
61,1631120,Alabama,30.0,37.0,11.38,3.26,JD Davison,PG,72.5,191.80,78.5,99.5,68,32,34,8,4,65,25,13,9,19,36
62,201942,Southern California,29.0,38.5,11.88,3.31,DeMar DeRozan,SG-SF,77.5,211.2,81.0,102.5,25292,5208,4869,1170,393,19315,9064,7778,6549,2379,1187
63,1628978,Villanova,34.5,42.0,10.72,3.11,Donte DiVincenzo,SG,75.5,200.6,78.0,97.5,4849,1953,1317,543,120,4046,1701,583,456,668,458
64,1631217,Michigan,29.0,36.5,11.16,3.26,Moussa Diabaté,C,81.25,216.60,86.5,109.5,491,512,64,58,49,346,201,146,88,72,104
65,1641711,Kansas,29.0,34.0,11.13,3.5,Gradey Dick,SG,78.25,204.00,80.75,101.0,1287,325,166,82,12,1092,454,206,177,133,114
66,1629652,Arizona State,32.5,38.0,10.79,3.22,Luguentz Dort,PG,74.75,222.2,80.5,99.5,4442,1403,585,348,150,3706,1511,868,686,406,363
67,1630245,Illinois,27.0,33.5,11.51,3.23,Ayo Dosunmu,SG,75.5,194.40,82.25,102.0,2856,811,912,233,109,2273,1140,344,266,379,279
68,1628408,South Carolina,34.0,39.0,10.84,3.15,PJ Dozier,SG,77.25,200.6,83.0,101.0,700,337,204,65,35,670,270,116,75,93,130
69,203083,Connecticut,31.5,33.5,10.83,3.39,Andre Drummond,C,81.75,278.6,90.25,109.5,13570,13076,1484,1383,1358,10542,5687,4359,2173,2064,1080
70,1630561,Providence,30.0,39.0,11.21,3.08,David Duke Jr.,SG,76.25,203.60,80.75,102.5,231,111,47,27,8,218,91,43,33,32,55
71,1642346,nan,32.0,38.5,10.99,3.12,Ryan Dunn,PF,78.25,213.60,85.5,103.0,511,267,57,44,40,477,205,39,19,40,74
72,201142,Texas,26.0,33.5,12.33,3.45,Kevin Durant,SF-PF,81.0,215,88.75,110.0,31937,8141,5143,1208,1340,21861,11025,8605,7603,3710,1170
73,1641744,Purdue,26.0,29.5,11.37,3.45,Zach Edey,C,87.25,306.40,94.5,115.5,610,548,65,36,85,433,251,127,90,88,66
74,1642399,nan,30.5,35.5,11.24,3.33,Jesse Edwards,C,83.5,236.00,89.0,111.0,0,0,1,0,0,0,0,0,0,0,2
75,1642348,nan,28.0,32.5,12.07,3.18,Justin Edwards,SF,78.0,209.40,82.0,102.5,445,148,69,45,16,378,172,46,32,49,44
76,1630556,Pepperdine,28.0,37.0,11.3,3.25,Kessler Edwards,PF,79.0,203.00,83.25,106.0,745,451,134,86,60,670,283,71,55,88,214
77,1631165,Alabama,28.0,35.5,10.87,3.18,Keon Ellis,SG,75.5,167.40,80.5,102.0,1000,344,211,177,93,712,341,128,103,109,153
78,203957,nan,31.5,34.5,10.75,3.19,Danté Exum,SG,76.5,196.3,81.5,103.0,2150,690,768,148,60,1807,790,409,312,410,355
79,1628981,Maryland,29.0,35.0,12.19,3.23,Bruno Fernando,C,80.75,233.2,88.25,109.0,1113,904,199,65,147,813,446,325,214,199,289
80,1642271,nan,27.0,32.5,11.43,3.19,Kyle Filipowski,PF,82.75,229.80,82.5,107.0,690,440,140,48,22,518,260,143,93,102,72
81,1627827,Virginia Tech,32.5,35.5,11.01,3.27,Dorian Finney-Smith,SF,78.5,212.6,83.75,105.5,6009,3235,1041,598,324,5045,2184,665,478,632,720
82,1641745,Presbyterian,31.0,36.0,10.96,3.24,Adam Flagler,PG,73.0,191.80,76.5,97.0,68,27,16,8,3,103,26,2,1,4,39
83,1642280,nan,34.5,42.0,11.01,3.13,Trentyn Flowers,SF,78.5,201.40,80.25,100.5,11,4,0,0,0,11,4,3,3,1,6
84,1642402,nan,30.5,35.0,10.99,3.26,Enrique Freeman,PF,79.25,212.00,86.0,108.0,46,30,9,3,3,37,16,19,13,6,22
85,1642277,nan,25.5,32.0,11.15,3.2,Johnny Furphy,SF,79.5,188.80,80.0,104.5,103,71,19,18,11,92,35,22,18,12,50
86,1629655,Arkansas,32.5,36.5,11.61,3.25,Daniel Gafford,PF,81.25,237.6,86.5,110.0,4691,2920,541,281,812,2753,1955,1162,781,475,506
87,1630568,Iowa,24.0,29.5,11.9,3.51,Luka Garza,C,82.0,242.80,85.5,107.5,604,248,53,22,12,443,217,173,121,50,124
88,1642273,nan,27.0,32.0,11.9,3.32,Kyshawn George,SF,79.0,208.80,82.25,105.0,590,285,169,68,50,546,203,93,70,97,68
89,201959,Southern California,25.5,30.0,11.56,3.41,Taj Gibson,PF,80.5,214.4,88.0,109.0,9277,6249,1030,574,1036,7474,3858,2107,1501,1155,1100
90,1631221,Villanova,26.5,33.0,10.95,3.21,Collin Gillespie,PG,73.5,195.80,76.0,98.0,281,99,105,34,5,227,100,34,27,31,57
91,203497,nan,25.0,29.0,12.85,3.57,Rudy Gobert,C,84.5,237.6,92.5,115.0,10458,9700,1123,576,1718,5950,3903,4137,2652,1337,829
92,203932,Arizona,32.5,39.0,10.81,3.27,Aaron Gordon,PF,79.5,220.1,83.75,105.0,10375,4758,2100,555,479,8136,3927,2463,1700,1165,770
93,201569,Indiana,32.0,40.0,10.81,3.01,Eric Gordon,SG,74.0,222,81.0,99.0,14990,2247,2691,819,350,11867,5112,3147,2550,1780,994
94,203110,Michigan State,28.0,33.0,11.01,3.4,Draymond Green,PF-SF,77.75,235.6,85.25,105.0,7665,6087,4948,1183,888,6299,2831,1775,1261,2027,881
95,201145,Georgetown,33.5,38.0,12.0,3.34,Jeff Green,SF,79.0,228,85.25,103.0,17971,6035,2214,949,721,14511,6500,4332,3480,1924,1498
96,1630182,Arizona,30.5,39.5,10.64,3.12,Josh Green,SG-SF,76.5,214,81.75,101.5,1941,777,448,224,46,1526,736,291,200,263,291
97,1629656,Kansas,27.5,36.0,10.83,3.2,Quentin Grimes,SG,76.0,209.6,79.75,100.5,3976,1171,782,296,95,3139,1389,635,483,435,369
98,1641790,nan,32.5,39.5,11.76,3.35,PJ Hall,C,80.25,239.60,85.5,103.5,33,22,4,0,4,24,14,4,3,2,19
99,203501,Michigan,31.5,37.5,10.68,3.25,Tim Hardaway Jr.,SG,76.5,199.4,79.0,101.0,12325,2560,1645,549,116,10251,4250,2223,1819,904,878
100,201935,Arizona State,31.5,37.0,11.1,3.13,James Harden,SG,76.0,222,82.75,103.5,30202,7321,9458,1850,724,20336,8923,10337,8912,4721,1260
101,1631199,Rutgers,26.0,30.5,11.41,3.4,Ron Harper Jr.,SF,76.0,240.40,85.25,105.5,24,14,7,0,1,24,9,3,3,0,11
102,202699,Tennessee,31.5,37.5,10.96,3.17,Tobias Harris,SF-PF,78.5,222.8,83.0,103.5,20453,7848,2952,988,695,16369,7799,3705,3093,1774,1263
103,1628404,Villanova,29.5,38.5,11.15,3.2,Josh Hart,SG,76.0,203.6,80.5,99.5,7023,4687,2202,704,209,5342,2564,1472,1109,967,660
104,1630573,Virginia,28.5,34.5,11.14,3.34,Sam Hauser,SF,78.75,217.40,81.25,102.0,1894,733,227,111,61,1478,666,47,40,87,256
105,1629637,Texas-Arlington,27.0,34.5,11.74,3.37,Jaxson Hayes,PF,82.25,218.6,87.5,110.5,2494,1443,259,169,247,1491,967,761,530,263,367
106,1641707,Central Florida,32.5,36.0,11.27,3.32,Taylor Hendricks,PF,80.25,213.60,84.5,107.0,306,200,34,33,34,258,112,33,26,29,43
107,1628988,California-Los Angeles,25.5,33.0,10.96,3.27,Aaron Holiday,PG,71.75,187,79.5,97.0,3297,831,1053,304,89,2842,1205,492,420,454,511
108,201950,California-Los Angeles,28.5,34.0,10.64,3.21,Jrue Holiday,PG-SG,75.25,199,79.0,100.5,16422,4340,6440,1473,535,13928,6434,2513,1980,2673,1037
109,1641842,nan,30.0,38.0,11.1,3.1,Ronald Holland II,SF,78.5,196.80,82.75,104.0,522,218,82,49,17,416,197,122,92,72,81
110,1626158,Bowling Green,32.5,36.0,11.24,3.32,Richaun Holmes,PF,80.25,242.8,85.5,108.0,4363,2788,504,254,468,2981,1797,959,719,430,529
111,1641747,Dayton,29.5,35.0,11.48,3.2,DaRon Holmes II,C,81.0,220.80,84.5,109.0,0,0,0,0,0,0,0,0,0,0,0
112,201143,Florida,31.0,35.5,12.15,3.37,Al Horford,PF,80.0,246,84.75,107.0,14705,8944,3629,866,1300,11900,6062,2104,1605,1569,1138
113,1629659,Iowa State,26.0,34.5,11.34,3.34,Talen Horton-Tucker,SG,74.5,235.4,85.25,103.0,2809,800,852,237,110,2426,1036,633,488,424,305
114,1628989,Maryland,31.0,38.0,10.89,3.09,Kevin Huerter,SG,78.25,194,79.5,101.5,6282,1843,1570,510,189,5392,2370,512,387,650,551
115,1630574,nan,24.5,31.0,12.2,3.12,Ariel Hukporti,C,82.75,246.00,86.5,111.5,48,51,11,1,15,31,21,13,6,21,25
116,1630538,Virginia Commonwealth,26.5,34.0,10.53,3.1,Bones Hyland,SG,74.0,169.00,81.25,101.5,2570,563,692,181,62,2200,877,404,343,344,266
117,1642345,nan,35.0,39.5,11.25,3.09,Oso Ighodaro,C,81.5,222.00,83.0,104.5,255,222,71,28,29,187,113,50,29,39,61
118,1631127,nan,29.5,35.0,11.83,3.31,Harrison Ingram,SF,77.25,232.80,84.25,103.5,4,9,3,3,0,4,2,0,0,1,5
119,1641713,South Carolina,31.0,37.0,11.39,3.21,GG Jackson,PF,80.25,214.40,83.5,106.0,908,288,88,40,29,762,315,193,144,96,77
120,1641748,Connecticut,30.5,39.5,10.83,3.14,Andre Jackson Jr.,SF,77.5,198.40,81.75,103.0,355,295,133,50,20,297,144,35,20,86,124
121,1631218,Indiana,33.0,36.5,11.8,3.2,Trayce Jackson-Davis,C,80.25,240.40,85.0,106.0,947,652,186,52,114,634,407,234,133,94,130
122,1642355,nan,32.0,40.5,10.96,3.09,Bronny James,SG,73.5,210.40,79.25,98.5,62,18,22,9,3,67,21,14,11,13,27
123,1631170,California-Los Angeles,34.5,39.0,11.21,3.33,Jaime Jaquez Jr.,SF,78.0,226.40,81.5,99.5,1459,575,361,138,34,1159,554,317,249,208,141
124,1629660,Virginia,26.0,31.5,11.21,3.4,Ty Jerome,PG,76.25,194.4,76.0,98.0,1986,467,648,166,22,1592,729,286,243,225,229
125,1642358,nan,29.0,38.0,10.76,3.15,AJ Johnson,SG,76.25,167.00,80.5,102.0,440,118,152,24,6,426,164,74,64,70,58
126,1629661,Pittsburgh,30.5,36.5,10.52,3.26,Cameron Johnson,SG,79.0,205.2,82.0,103.0,5045,1527,742,332,120,3809,1735,804,683,349,382
127,201949,Wake Forest,30.5,35.0,11.21,3.23,James Johnson,SF-PF,79.0,257.2,84.75,105.5,6739,3153,1871,681,766,5660,2668,1415,950,1215,907
128,1630553,Tennessee,41.5,48.0,11.45,3.0,Keon Johnson,SG,75.5,184.80,79.25,97.0,1593,510,389,160,61,1522,570,294,227,256,198
129,1642352,nan,31.5,42.0,11.38,3.03,Keshad Johnson,PF,78.25,224.00,82.25,103.0,43,28,4,5,4,26,18,9,4,4,16
130,1641732,Xavier,30.5,35.0,11.14,3.33,Colby Jones,SG,76.5,199.20,80.0,103.0,378,214,108,59,31,329,146,81,52,56,108
131,1641794,Weber State,26.5,33.5,11.08,3.25,Dillon Jones,SF,76.5,236.80,83.0,100.5,135,121,58,16,4,133,51,28,17,28,54
132,1630529,Alabama,28.5,36.5,11.02,3.25,Herbert Jones,SF,78.0,206.40,84.25,106.0,2433,915,593,375,173,1837,877,522,430,316,240
133,1642403,nan,29.0,35.0,11.49,3.38,Isaac Jones,C,79.75,235.00,87.0,108.0,134,57,12,5,10,83,54,36,23,16,40
134,1630222,nan,24.0,31.0,10.6,3.33,Mason Jones,SG,75.75,207.2,79.0,102.5,393,134,104,17,3,287,122,150,97,62,83
135,1626145,Duke,26.5,32.5,11.84,3.32,Tyus Jones,PG,72.5,184.6,77.0,97.0,5249,1374,3022,667,65,4564,2033,598,491,557,682
136,201599,Texas A&M,26.0,30.5,12.3,3.27,DeAndre Jordan,C,81.75,250,90.0,113.5,10447,11951,1222,625,1675,6314,4234,4032,1977,1632,1228
137,202709,Texas,27.5,35.0,10.75,3.27,Cory Joseph,PG,74.0,186.2,77.5,99.0,6345,2253,2730,687,201,5487,2428,1166,919,929,929
138,1630548,Kentucky,31.0,36.5,11.13,3.13,Johnny Juzang,SG,77.5,209.00,82.5,100.5,802,259,99,47,13,689,290,71,57,52,102
139,1630557,Gonzaga,30.0,37.5,10.91,3.12,Corey Kispert,SF,78.0,223.80,79.0,102.0,3229,822,431,134,61,2458,1166,395,318,267,292
140,1641752,Wake Forest,26.5,32.5,11.49,3.23,Bobi Klintman,PF,80.75,212.20,83.0,106.5,15,7,7,2,1,10,6,2,1,1,8
141,1642261,nan,31.0,39.0,10.56,3.07,Dalton Knecht,SF,77.25,212.20,81.0,103.5,706,216,66,24,8,557,257,84,64,37,78
142,1642278,nan,27.0,34.0,10.97,3.27,Tyler Kolek,PG,73.25,196.60,74.75,95.0,81,27,70,12,4,82,27,17,13,18,41
143,1631132,Arizona,28.0,33.5,11.3,3.27,Christian Koloko,C,82.75,221.00,89.25,113.0,272,263,47,29,73,216,112,73,47,32,95
144,1628398,Utah,27.0,34.0,10.72,3.25,Kyle Kuzma,SF-SG,80.0,222.6,84.25,107.5,10174,3783,1598,340,300,8638,3873,1810,1287,1320,606
145,1631222,Wake Forest,27.5,34.0,10.58,3.37,Jake LaRavia,PF,78.75,227.20,81.5,104.0,1400,709,395,165,62,1072,475,348,253,235,202
146,203897,California-Los Angeles,33.5,41.5,10.42,3.19,Zach LaVine,PG,76.5,180.9,80.25,100.0,15314,2980,2905,629,195,11554,5477,3110,2588,1933,728
147,1641796,nan,30.5,38.0,11.15,3.06,Pelle Larsson,SG,77.25,212.40,79.5,102.0,251,92,65,32,7,203,89,61,41,24,55
148,1630639,South Carolina,33.0,41.0,11.0,2.98,A.J. Lawson,SG-SF,77.5,179.20,78.75,99.5,484,178,55,27,9,399,178,102,62,35,98
149,202695,San Diego State,25.5,32.0,11.45,3.15,Kawhi Leonard,SF,78.0,227.4,87.0,106.0,14733,4662,2236,1255,471,10736,5352,3306,2842,1212,733
150,1641721,Pepperdine,32.5,36.5,11.4,3.43,Maxwell Lewis,SG,78.25,207.20,84.0,104.5,243,114,44,20,15,237,94,23,16,38,90
151,1630604,Ohio State,35.5,38.0,11.11,3.26,E.J. Liddell,PF,77.5,243.00,83.75,103.5,25,14,4,3,3,21,9,4,4,4,20
152,203081,Weber State,34.5,39.5,11.15,3.34,Damian Lillard,PG,73.75,188.8,79.75,95.5,22598,3845,6069,874,267,16568,7266,5853,5262,2541,900
153,1641753,Kentucky,30.5,37.0,11.65,3.27,Chris Livingston,SF,78.0,219.20,83.25,104.5,56,56,10,7,0,49,20,20,15,11,42
154,201572,Stanford,27.5,30.5,12.77,3.57,Brook Lopez,C,83.25,258,89.5,113.0,17517,6737,1614,633,2060,13447,6680,3865,3082,1751,1105
155,201567,California-Los Angeles,29.5,35.0,11.17,3.22,Kevin Love,PF,79.75,255,83.25,106.0,15930,9896,2288,593,380,12008,5239,4437,3679,1749,1014
156,1641754,Penn State,31.5,35.5,11.02,3.15,Seth Lundy,SF,76.0,214.40,82.25,104.0,14,7,0,0,0,17,4,4,3,1,9
157,1630572,Seton Hall,30.5,36.5,11.63,3.21,Sandro Mamukelashvili,C,81.0,239.80,85.25,106.5,1255,786,243,66,62,1011,465,228,164,130,234
158,1629611,Florida State,32.5,38.5,11.51,3.3,Terance Mann,SG-SF,76.75,204.6,79.75,101.0,3848,1650,911,274,106,2962,1485,634,489,364,479
159,1630230,nan,28.5,35.0,11.77,3.37,Naji Marshall,SF,77.75,233.5,84.75,102.5,2637,1137,675,232,55,2128,970,589,463,358,299
160,1628997,North Carolina State,29.0,36.5,10.43,3.26,Caleb Martin,SF-SG,76.75,195.8,82.0,101.5,2961,1388,604,317,155,2465,1094,586,419,367,356
161,1628998,North Carolina State,29.0,36.5,10.64,3.09,Cody Martin,SG-SF,76.75,188.6,82.25,102.5,1951,1185,685,312,136,1719,744,377,252,293,312
162,1630231,nan,31.5,38.5,11.93,3.16,KJ Martin,SF-PF,78.0,213.2,79.25,102.0,3150,1503,470,183,179,2325,1267,605,407,301,412
163,1630540,West Virginia,31.0,38.5,11.08,3.1,Miles McBride,PG,73.0,195.20,80.75,99.5,1484,353,414,168,33,1324,536,168,131,101,236
164,1642272,nan,25.5,33.0,10.87,3.23,Jared McCain,SG,74.0,203.20,75.5,98.0,352,56,60,15,0,274,126,56,49,37,23
165,203468,Lehigh,32.0,38.5,11.02,3.32,CJ McCollum,PG-SG,74.25,197,78.25,96.5,16784,3136,3320,774,348,14130,6407,2277,1799,1553,849
166,204456,Duquesne,26.0,31.5,10.95,3.3,T.J. McConnell,PG,72.5,187.8,74.0,96.5,5396,2054,3542,849,133,4663,2407,527,410,1126,706
167,1629667,San Diego,29.5,33.5,11.54,3.32,Jalen McDaniels,SF,80.25,191.6,84.25,105.5,2454,1175,422,248,118,2031,916,466,371,308,332
168,203926,Creighton,28.5,36.5,11.1,3.29,Doug McDermott,SF,78.25,218,81.25,103.0,7571,1893,871,194,86,6068,2830,828,664,558,908
169,1631121,Nebraska,29.5,34.0,11.12,3.27,Bryce McGowens,SG,77.25,181.20,80.75,103.5,561,198,107,37,16,446,185,171,131,77,118
170,1629001,Southern California,31.0,36.5,11.48,3.23,De'Anthony Melton,SG-PG,74.25,193.2,80.5,99.5,3231,1316,988,502,172,2810,1152,494,385,488,356
171,203114,Texas A&M,28.0,31.0,11.45,3.47,Khris Middleton,SF,78.75,216.2,82.75,103.0,13341,3837,3216,938,159,10524,4848,2493,2188,1672,813
172,1641757,Miami (FL),32.0,36.5,11.43,3.17,Jordan Miller,SF,76.5,191.60,83.75,103.5,165,63,34,17,5,143,63,37,30,27,45
173,1631159,nan,30.0,36.5,11.11,3.36,Leonard Miller,SF,80.5,211.00,86.0,106.5,49,31,8,4,2,35,19,10,9,3,30
174,201988,St. Mary's (CA),27.5,33.0,10.87,3.1,Patty Mills,PG,71.25,175.4,74.0,95.0,8242,1548,2070,614,84,6969,2937,898,772,894,982
175,1629003,Southern Methodist,30.0,33.0,11.07,3.25,Shake Milton,SG-PG,76.5,207.2,84.75,99.5,3430,962,1018,208,83,2835,1270,653,536,436,464
176,1642274,nan,31.0,38.5,11.45,3.12,Yves Missi,C,82.75,229.40,86.0,109.5,665,601,99,37,98,492,269,204,127,82,73
177,1642349,nan,28.0,33.5,11.12,3.11,Ajay Mitchell,PG,75.25,197.00,78.25,101.0,234,68,64,25,4,184,91,35,29,29,36
178,1628378,Louisville,36.5,40.5,11.53,3.01,Donovan Mitchell,SG,73.25,211.4,82.0,97.0,13320,2324,2530,740,173,10512,4720,2692,2262,1447,539
179,1642367,nan,31.5,37.5,11.14,3.02,Jonathan Mogbo,PF,78.25,217.20,86.0,108.5,389,311,146,55,34,356,156,82,60,70,63
180,1631111,Duke,32.5,38.5,10.94,3.3,Wendell Moore Jr.,SG,76.25,217.20,84.5,101.0,360,220,108,53,16,313,145,49,40,66,126
181,1628420,Iowa State,28.0,33.5,11.0,3.19,Monté Morris,PG,73.25,175.2,76.0,96.5,4144,1046,1579,322,82,3450,1624,486,399,313,453
182,1630530,Virginia,34.0,38.0,11.65,3.14,Trey Murphy III,SF,79.5,206.00,84.0,105.5,3448,976,462,219,117,2537,1152,622,544,214,251
183,1631200,Iowa,29.5,35.0,11.11,3.3,Kris Murray,PF,79.75,212.80,83.75,106.0,663,406,148,88,38,645,262,113,63,98,131
184,1629004,Kansas,27.0,33.0,12.4,3.53,Svi Mykhailiuk,SG-SF,78.5,219.6,77.0,100.0,3083,841,662,257,50,2716,1094,369,275,423,471
185,1629614,nan,26.5,35.0,10.46,3.26,Andrew Nembhard,PG,75.0,195.60,77.75,99.0,1988,556,947,212,30,1705,791,254,202,339,208
186,1641803,nan,25.0,32.5,10.96,3.24,Tristen Newton,PG,75.25,191.80,78.75,100.0,6,8,4,2,0,16,2,2,2,4,16
187,1627777,Iowa State,25.0,31.0,11.64,3.49,Georges Niang,PF,78.75,230.8,82.0,103.0,4830,1626,645,204,92,3892,1741,355,299,461,623
188,1630227,nan,29.5,36.5,11.72,3.0,Daishen Nix,PG,75.0,225.60,78.75,100.0,331,138,181,51,7,329,117,74,44,121,99
189,1630192,nan,33.0,38.0,10.94,3.2,Zeke Nnaji,PF-C,81.25,246.8,86.0,105.5,1053,566,100,81,116,776,395,248,162,102,251
190,1629669,Washington,32.0,38.5,10.76,3.23,Jaylen Nowell,SG,75.25,202.4,79.25,98.0,1896,469,399,103,36,1655,731,292,231,154,218
191,1629006,Georgia Tech,33.0,42.0,11.08,3.04,Josh Okogie,SG,75.0,210.8,84.0,102.0,2924,1343,513,436,193,2308,946,976,729,377,456
192,203482,Gonzaga,24.5,29.5,11.42,3.59,Kelly Olynyk,PF-C,82.75,234,81.75,108.0,10230,5230,2653,818,461,7459,3659,2215,1773,1640,992
193,1626162,Kansas,34.5,37.0,11.09,3.32,Kelly Oubre Jr.,SF-SG,77.75,202.8,86.25,102.5,9743,3357,831,770,385,8047,3533,2106,1587,831,724
194,101108,Wake Forest,32.0,38.0,11.09,3.22,Chris Paul,PG,71.75,178,76.25,93.0,23011,5978,12499,2717,222,17352,8147,5579,4857,3093,1354
195,1626166,Murray State,29.75,35.5,10.9,3.28,Cameron Payne,PG,72.75,182.8,79.25,97.5,4691,1188,1893,386,122,4236,1768,542,452,667,626
196,203901,Louisiana-Lafayette,31.5,35.5,11.06,3.23,Elfrid Payton,PG,74.5,185.4,80.0,98.5,6003,2439,3592,719,195,5577,2495,1264,791,1370,611
197,1627780,Oregon State,31.5,38.5,11.57,3.23,Gary Payton II,PG,74.0,183.8,80.0,99.5,1651,876,363,290,86,1270,699,168,104,184,315
198,1641763,Tennessee,36.0,43.0,11.09,3.32,Julian Phillips,SF,78.75,196.60,83.5,102.0,455,205,52,45,27,364,160,95,73,37,119
199,1629618,Siena,28.5,33.0,11.91,3.35,Jalen Pickett,PG,74.0,197.80,79.25,98.5,242,85,128,23,5,215,92,12,9,33,76
200,1630590,Vanderbilt,30.5,37.5,11.07,3.21,Scotty Pippen Jr.,PG,72.0,180.00,77.75,95.5,1064,330,447,141,41,809,389,235,168,196,106
201,203486,Duke,30.5,36.0,10.89,3.29,Mason Plumlee,C-PF,83.25,238.2,83.0,108.0,8617,7072,2574,711,842,5676,3383,3172,1849,1449,1020
202,1641764,Santa Clara,31.5,39.0,11.16,3.21,Brandin Podziemski,SG,75.75,203.80,77.5,96.5,1429,752,493,130,27,1226,551,174,122,163,138
203,1629673,Michigan,28.0,35.5,10.59,3.27,Jordan Poole,SG,75.5,190.8,78.75,99.5,6942,1110,1552,356,115,5555,2343,1412,1241,956,412
204,1629645,Southern California,27.0,34.0,10.82,3.14,Kevin Porter Jr.,SG,76.0,212.6,81.0,103.0,4550,1398,1499,378,87,3784,1654,990,733,836,346
205,1626171,Arkansas,25.0,31.5,11.78,3.56,Bobby Portis,PF,81.5,246.2,86.0,108.5,8528,5088,922,430,267,7252,3445,1076,826,790,704
206,1642366,nan,24.0,27.0,11.48,3.4,Quinten Post,C,84.0,244.40,86.5,112.0,340,148,56,16,18,274,123,27,21,33,42
207,203939,Stanford,28.5,35.0,11.28,3.2,Dwight Powell,PF,81.5,234.4,84.5,105.0,4844,3045,741,425,315,2983,1793,1535,1131,477,734
208,1626181,California-Los Angeles,32.5,40.5,10.69,3.2,Norman Powell,SG,75.0,215.4,82.75,102.5,10293,2008,1166,631,201,7576,3567,2201,1823,961,731
209,1627752,Baylor,34.0,36.0,10.96,3.24,Taurean Prince,SF,78.5,220.2,83.5,102.0,6134,2233,1081,503,247,5102,2173,906,738,850,623
210,1641765,Marquette,35.0,40.5,10.59,3.21,Olivier-Maxence Prosper,PF,78.75,212.40,85.0,104.0,322,205,62,33,10,278,110,117,77,22,92
211,1629674,Utah State,24.0,32.5,12.04,3.73,Neemias Queta,C,82.75,225.8,88.25,111.5,521,400,72,32,73,354,222,108,77,60,110
212,1630193,Kentucky,29.5,35.5,11.21,3.17,Immanuel Quickley,SG,74.0,185.8,80.25,99.0,5698,1356,1534,287,53,4466,1892,1241,1064,517,392
213,203944,Kentucky,29.0,35.5,11.45,3.27,Julius Randle,PF,79.75,249.7,84.0,105.5,13517,6492,2710,486,284,10384,4896,3816,2875,1994,710
214,1630559,Wichita State,25.0,35.0,10.94,3.07,Austin Reaves,SG,76.5,197.20,78.25,101.0,4052,1067,1196,209,86,2785,1339,1021,881,490,280
215,1630194,DePaul,26.5,37.5,12.29,3.45,Paul Reed,PF,80.5,219.2,86.0,109.5,1275,1026,208,195,187,1005,551,200,141,160,260
216,1641810,nan,29.0,36.0,11.44,3.14,Antonio Reeves,SG,76.5,186.60,80.25,100.5,305,63,39,21,4,248,113,35,28,30,44
217,1629675,Louisiana State,26.0,32.5,12.03,3.42,Naz Reid,PF,80.25,255.8,87.25,109.0,4699,1983,542,256,367,3651,1779,786,572,484,406
218,1630208,Kentucky,30.0,34.0,11.42,3.25,Nick Richards,C,82.5,241.6,86.25,110.0,2407,1984,205,74,276,1482,931,736,544,321,314
219,1642258,nan,25.0,31.0,11.51,3.38,Zaccharie Risacher,SF,80.5,194.6,81.5,107.0,942,268,92,52,37,779,357,149,106,92,75
220,1631115,Fresno State,23.0,27.5,11.4,3.55,Orlando Robinson,C,81.75,244.40,88.0,111.0,821,650,213,53,52,683,315,196,149,132,155
221,1630526,Villanova,27.0,32.0,11.64,3.29,Jeremiah Robinson-Earl,PF,79.75,242.40,81.75,105.5,1191,845,201,102,37,1014,447,167,133,125,197
222,1631223,Colorado State,27.0,35.5,10.75,3.22,David Roddy,PF,76.5,260.80,83.5,105.0,1622,783,289,111,59,1488,624,253,175,215,266
223,1631157,Winter Park,30.5,36.5,11.26,3.07,Ryan Rollins,SG,74.0,179.20,81.75,100.5,460,146,138,63,24,345,167,85,68,85,94
224,1626179,Louisville,33.0,38.0,10.84,3.15,Terry Rozier,PG-SG,72.5,190.2,80.25,98.5,10457,2857,2679,677,185,9044,3805,1610,1342,1003,726
225,1641712,nan,27.5,32.5,11.18,3.43,Rayan Rupert,SF,78.0,193.20,86.0,106.0,310,162,87,28,7,303,112,55,42,61,91
226,1642275,nan,27.5,32.0,11.45,3.37,Tidjane Salaün,PF,80.75,217.4,85.5,110.0,353,280,74,29,14,345,114,94,67,58,60
227,1641766,Connecticut,28.5,31.0,11.5,3.31,Adama Sanogo,C,79.25,257.80,86.75,108.5,44,42,1,1,0,34,18,12,8,6,13
228,1642259,nan,30.5,37.0,11.43,3.27,Alex Sarr,C,83.75,224.20,88.25,110.0,869,435,161,44,101,828,326,165,112,114,67
229,1631204,Houston,27.0,35.0,10.68,3.43,Marcus Sasser,PG,73.25,195.60,79.0,99.5,961,194,369,81,16,808,356,117,101,144,128
230,1631248,nan,27.5,32.0,10.89,3.09,Baylor Scheierman,SF,78.25,201.60,80.25,102.5,113,65,33,17,2,110,39,12,9,12,31
231,203471,nan,30.0,34.0,11.09,3.21,Dennis Schröder,PG,73.0,164.8,79.75,98.0,14707,3088,5285,876,158,12429,5347,3108,2602,2324,1062
232,1629013,Wichita State,31.0,39.5,11.26,3.11,Landry Shamet,PG,76.0,188.6,78.75,100.0,4035,796,714,227,66,3250,1352,536,444,309,477
233,1630545,Texas Tech,32.5,39.5,11.51,3.21,Terrence Shannon Jr.,SF,77.5,206.60,80.25,100.0,138,47,32,7,5,114,55,21,17,15,32
234,1642347,nan,30.0,37.5,10.87,2.94,Jamal Shead,PG,72.25,200.80,75.0,96.0,533,115,316,58,10,504,204,69,53,117,75
235,1641767,Belmont,29.5,35.5,10.88,3.17,Ben Sheppard,SG,77.25,194.60,79.75,100.0,584,266,138,71,16,516,210,53,47,37,120
236,1642263,nan,32.5,42.0,10.96,3.08,Reed Sheppard,PG,73.75,181.60,75.25,93.5,229,78,75,35,17,239,84,16,13,37,52
237,1627783,New Mexico State,30.5,36.5,11.25,3.41,Pascal Siakam,PF,80.25,226.6,87.25,107.5,13062,4748,2603,632,399,9957,5013,2978,2259,1273,709
238,1629014,nan,32.0,41.5,11.27,3.1,Anfernee Simons,SG-PG,74.25,183.2,81.25,99.5,5837,973,1265,200,48,4804,2069,832,732,627,389
239,1642354,nan,32.5,40.5,10.49,3.24,KJ Simpson,PG,72.25,187.00,76.5,93.5,282,109,112,34,6,301,104,50,41,56,36
240,1630579,Texas,37.0,44.5,11.59,3.05,Jericho Sims,C,81.0,250.20,87.25,106.0,556,952,137,54,107,358,250,95,56,129,244
241,203935,Oklahoma State,33.0,36.0,10.82,3.26,Marcus Smart,PG,74.0,227.2,81.25,99.0,7040,2254,3004,1033,237,6100,2369,1614,1251,1252,669
242,1641890,nan,32.0,38.0,10.74,3.28,Tyler Smith,PF,81.0,223.80,85.0,105.0,67,25,4,3,4,50,24,8,6,8,23
243,1642285,nan,23.0,30.5,11.07,3.35,Cam Spencer,SG,75.0,201.80,77.0,98.5,106,30,34,9,1,82,34,19,19,6,25
244,1630531,Tennessee,34.5,41.5,11.46,3.13,Jaden Springer,SG,75.0,202.00,79.75,99.0,588,288,162,127,43,512,206,168,130,104,202
245,1630205,nan,35.0,41.0,10.35,3.2,Lamar Stevens,SF-PF,77.75,228,81.0,101.0,1494,759,166,126,97,1286,592,302,222,149,258
246,1631124,Gonzaga,28.5,35.0,10.3,3.26,Julian Strawther,SF,77.75,207.60,81.5,104.5,815,203,130,56,23,708,292,121,96,80,115
247,202691,Washington State,26.5,31.5,10.99,3.24,Klay Thompson,SG,77.75,205.6,81.0,103.5,16536,3041,1988,726,443,13657,6155,1778,1529,1424,865
248,202684,Texas,30.0,35.0,10.92,3.26,Tristan Thompson,PF,79.5,227.4,85.25,108.5,7166,6716,834,401,547,5575,2899,2305,1357,913,876
249,1630550,Auburn,31.5,35.0,12.19,3.06,JT Thor,PF,80.5,203.00,87.25,110.0,670,437,96,57,79,594,249,131,86,87,205
250,1630214,nan,26.0,32.5,11.8,3.49,Xavier Tillman,PF-C,79.5,266.5,86.0,106.0,1673,1189,394,264,170,1432,708,317,176,205,314
251,1631166,Gonzaga,25.5,31.5,11.71,3.38,Drew Timme,C,80.25,231.60,86.0,107.5,109,65,20,4,1,102,45,16,10,15,9
252,1641772,Kansas State,27.5,32.5,11.63,3.43,Nae'Qwan Tomlin,PF,80.25,205.00,86.5,109.0,36,21,2,0,1,32,13,11,8,2,5
253,1629018,nan,33.5,39.5,11.37,3.12,Gary Trent Jr.,SG,76.25,204.2,80.75,98.0,6586,1135,679,536,85,5586,2351,861,704,328,473
254,1631131,West Virginia,29.5,32.5,12.26,3.32,Oscar Tshiebwe,C,79.25,253.60,87.5,108.0,133,138,11,15,2,90,52,39,29,10,22
255,1642281,nan,29.5,36.5,11.13,3.12,Jaylon Tyson,SF,77.5,218.20,80.0,102.5,167,96,44,13,3,149,64,24,19,26,47
256,1641774,nan,26.0,30.5,11.71,3.43,Tristan Vukcevic,C,83.25,223.40,86.5,111.0,415,166,52,16,30,309,149,89,69,52,45
257,202696,Southern California,23.5,25.0,12.02,3.27,Nikola Vučević,PF-C,82.25,259.8,88.5,112.5,18358,10987,3081,886,892,15729,7796,2182,1692,1796,1042
258,1629021,Michigan,25.5,32.5,12.0,3.35,Moritz Wagner,PF,82.0,231.2,84.0,108.0,3638,1582,489,211,127,2488,1291,947,765,461,408
259,1631133,Colorado,29.5,32.5,11.53,3.24,Jabari Walker,PF,78.75,213.80,82.75,105.0,1167,850,142,85,41,936,435,287,212,129,188
260,1641716,Houston,34.5,38.0,10.89,3.2,Jarace Walker,PF,78.5,248.60,86.5,104.5,581,292,150,69,36,470,215,78,54,95,108
261,1629022,Miami (FL),31.5,40.0,10.87,3.06,Lonnie Walker IV,SG,75.75,196.2,82.25,99.5,3418,791,518,184,93,3007,1268,484,385,306,342
262,1641717,Kentucky,28.0,36.0,10.82,3.34,Cason Wallace,PG,74.5,195.20,80.5,101.0,1129,416,293,196,72,931,449,74,59,104,150
263,1641775,Arkansas,33.0,36.0,10.83,3.3,Jordan Walsh,SF,77.75,204.00,85.75,107.0,97,89,24,17,12,98,36,14,8,20,61
264,1642266,nan,30.5,38.5,11.0,3.04,Ja'Kobe Walter,SG,76.25,197.60,82.0,102.5,449,160,81,43,10,393,159,83,66,50,52
265,1642276,nan,32.5,36.0,10.97,3.29,Kel'el Ware,C,83.75,230.00,88.5,112.5,595,473,60,39,71,464,257,67,46,57,64
266,1629023,Kentucky,27.0,34.0,11.39,3.2,P.J. Washington,PF,78.5,223,86.5,107.0,6060,2693,1019,450,441,5072,2263,1024,722,723,463
267,1630570,Louisiana State,28.0,35.0,11.69,3.27,Trendon Watford,PF,79.5,237.40,86.25,105.0,1705,791,407,107,71,1251,651,413,313,261,217
268,1631212,California-Los Angeles,28.0,33.5,11.03,3.28,Peyton Watson,SF,78.75,203.40,84.5,107.5,1158,528,191,92,192,934,441,263,177,122,171
269,1642377,nan,27.5,36.0,11.28,3.08,Jaylen Wells,SF,78.5,206.20,79.25,103.5,823,268,135,44,8,676,287,135,111,69,79
270,1631104,Notre Dame,30.0,36.0,11.55,3.21,Blake Wesley,SG,75.0,187.20,81.25,103.0,669,237,378,91,20,616,252,183,116,174,156
271,201566,California-Los Angeles,30.0,36.5,10.98,3.08,Russell Westbrook,PG,74.25,192,79.75,100.0,27364,9100,10476,2031,439,22481,9860,8059,6188,5084,1310
272,1628401,Colorado,31.0,36.5,10.84,3.08,Derrick White,PG,75.25,189.8,79.5,101.5,7391,2069,2431,469,504,5737,2550,1443,1232,813,569
273,1641715,Virginia,31.5,40.5,10.82,3.2,Cam Whitmore,SF,77.75,235.00,80.5,103.5,1056,331,82,61,30,870,391,184,130,92,98
274,1630598,Maryland,29.5,36.0,11.2,3.04,Aaron Wiggins,SG-SF,76.5,190.00,81.75,103.0,2351,869,368,185,62,1805,909,316,251,234,274
275,1631214,Wake Forest,30.0,35.5,10.96,3.15,Alondes Williams,SG,75.75,209.00,79.0,102.0,10,2,1,0,1,10,4,1,1,4,9
276,1642262,nan,31.0,35.5,11.17,3.06,Cody Williams,SF,78.5,178.40,85.0,103.0,230,113,59,23,16,257,83,40,29,44,50
277,1629684,Tennessee,26.0,31.5,10.83,3.33,Grant Williams,PF,77.75,240.2,81.75,104.5,3508,1711,726,247,239,2699,1222,639,492,496,456
278,1631114,Nova,33.5,39.0,11.13,3.11,Jalen Williams,SG,76.5,209.20,86.25,105.5,3901,988,924,294,126,2955,1515,711,571,396,215
279,1631119,Arkansas,24.5,30.0,11.64,3.5,Jaylin Williams,C,80.75,236.60,85.0,108.5,842,737,306,78,68,683,294,125,94,106,165
280,1629026,Texas Christian,28.0,33.0,10.86,3.19,Kenrich Williams,SF,78.0,200.4,79.25,103.5,2490,1609,695,297,100,2134,1004,255,140,283,391
281,1630533,Stanford,34.0,39.5,10.69,3.12,Ziaire Williams,SF,80.25,188.40,82.25,106.5,1763,675,259,147,55,1518,639,275,223,211,213
282,1630592,Kansas,31.5,35.0,11.26,3.2,Jalen Wilson,SF,77.5,230.20,80.0,99.5,963,401,190,51,9,799,322,211,173,98,122
283,1631209,Miami (FL),32.5,37.0,10.93,3.22,Isaiah Wong,SG,74.5,178.40,78.75,97.5,122,32,28,11,0,108,42,34,25,18,21
284,1626153,Utah,29.5,31.0,11.16,3.29,Delon Wright,PG,76.25,181.4,79.5,101.5,5289,2337,2358,933,271,4389,1938,1122,892,673,773
285,1641783,nan,28.5,35.5,10.81,3.09,Tristan da Silva,PF,80.25,216.80,82.25,104.5,533,245,113,33,18,483,199,63,55,56,74
