,PLAYER_ID,SCHOOL_NAME,STANDING_VERTICAL_LEAP,MAX_VERTICAL_LEAP,LANE_AGILITY_TIME,MODIFIED_LANE_AGILITY_TIME,THREE_QUARTER_SPRINT,BENCH_PRESS,full_name,POSITION,HEIGHT_WO_SHOES,WEIGHT,WINGSPAN,STANDING_REACH,HAND_LENGTH,HAND_WIDTH,PTS,REB,AST,STL,BLK,FGA,FGM,FTA,FTM,TOV,GP
0,1630173,Memphis,,,,,,,Precious Achiuwa,PF,79.5,234,84.75,108.5,9.0,10.0,2985,2300,410,227,277,2500,1219,658,400,397,394
1,203500,Pittsburgh,28.5,33.0,11.85,3.02,3.4,16.0,Steven Adams,C,82.75,254.5,88.5,109.5,9.5,11.0,6743,6115,1145,646,703,4786,2804,2129,1134,1083,764
2,1628389,Kentucky,33.5,38.5,11.94,3.24,3.24,12.0,Bam Adebayo,PF-C,80.75,242.6,86.75,108.0,9.5,8.75,8923,5024,2044,607,489,6389,3428,2598,1965,1218,567
3,1630534,Kansas,32.0,41.5,10.88,3.1,3.13,,Ochai Agbaji,SG,76.5,214.40,82.0,103.5,9.0,8.75,2044,795,331,168,133,1786,787,229,164,223,279
4,1630534,Kansas,32.0,41.5,10.88,3.1,3.13,,Ochai Agbaji,SG,76.5,216.80,82.25,104.0,8.75,9.5,2044,795,331,168,133,1786,787,229,164,223,279
5,1630534,Kansas,32.0,39.0,10.77,3.11,3.13,,Ochai Agbaji,SG,76.5,214.40,82.0,103.5,9.0,8.75,2044,795,331,168,133,1786,787,229,164,223,279
6,1630534,Kansas,32.0,39.0,10.77,3.11,3.13,,Ochai Agbaji,SG,76.5,216.80,82.25,104.0,8.75,9.5,2044,795,331,168,133,1786,787,229,164,223,279
7,1641725,Creighton,29.5,34.0,11.6,,3.35,,Trey Alexander,SG,75.25,184.60,82.0,101.5,8.5,8.75,32,12,11,2,1,41,13,4,3,5,24
8,1641725,Creighton,29.5,34.0,11.6,,3.35,,Trey Alexander,SG,75.25,187.00,82.5,101.5,8.75,10.0,32,12,11,2,1,41,13,4,3,5,24
9,1641725,Creighton,26.5,32.0,11.37,2.92,3.21,,Trey Alexander,SG,75.25,184.60,82.0,101.5,8.5,8.75,32,12,11,2,1,41,13,4,3,5,24
10,1641725,Creighton,26.5,32.0,11.37,2.92,3.21,,Trey Alexander,SG,75.25,187.00,82.5,101.5,8.75,10.0,32,12,11,2,1,41,13,4,3,5,24
11,1629638,Virginia Tech,,,,,,,Nickeil Alexander-Walker,SG,76.25,203.8,81.5,102.0,8.5,8.75,4313,1236,1146,334,194,3828,1564,624,459,594,505
12,1628960,Duke,32.5,40.5,10.31,3.04,3.15,,Grayson Allen,SG,75.0,198,79.25,97.0,8.25,10.0,4250,1216,812,293,112,3140,1416,657,563,399,403
13,1628386,Texas,31.5,35.5,11.82,3.0,3.21,4.0,Jarrett Allen,C,81.0,233.6,89.25,109.5,9.5,10.5,8094,5870,1054,403,793,5024,3210,2320,1649,867,631
14,203937,California-Los Angeles,,,,,,,Kyle Anderson,SF,79.5,230.1,86.75,107.5,8.25,8.75,5233,3273,2123,739,474,4299,2052,1134,813,751,775
15,1628384,Indiana,,,,,,,OG Anunoby,SF,78.25,232.4,86.25,107.5,9.25,9.5,7066,2352,938,705,325,5598,2664,1017,773,730,542
16,1630542,Arizona State,32.5,38.5,12.26,3.1,3.17,,Marcus Bagley,SF,78.0,216.80,83.0,102.5,8.75,8.5,67,70,10,9,12,69,27,10,8,7,10
17,1631116,Wills,23.5,26.5,12.25,3.3,3.45,,Patrick Baldwin Jr.,SF,81.25,230.80,85.75,110.5,8.75,9.5,396,213,46,30,23,334,140,42,27,40,117
18,1628964,Texas,,,,,,,Mo Bamba,C,83.25,225.6,94.0,115.5,9.75,10.25,2922,2350,370,154,534,2351,1122,476,324,337,445
19,1631094,Duke,,,,,,,Paolo Banchero,PF,,,,,,,4432,1396,919,167,114,3440,1531,1478,1079,583,198
20,1631230,nan,28.5,34.0,11.29,3.19,3.33,,Dominick Barlow,PF,80.75,221.00,87.0,108.5,9.0,10.5,402,300,79,31,49,312,162,100,68,29,96
21,203084,North Carolina,38.0,39.5,10.93,,3.16,15.0,Harrison Barnes,SF-SG,79.0,227.8,83.25,101.5,9.0,8.5,15072,5103,1854,722,191,11613,5299,3528,2861,1222,1070
22,1630567,nan,36.0,39.5,10.88,2.99,3.15,,Scottie Barnes,SF,79.0,225.40,86.75,108.0,9.25,10.25,4756,2065,1368,331,267,3953,1843,1014,772,640,276
23,1629628,Duke,,,,,,,RJ Barrett,SF,,,,,,,8463,2465,1469,290,129,6899,3088,2221,1554,995,445
24,1629646,Western Kentucky,29.0,33.0,12.65,3.27,3.53,7.0,Charles Bassey,C,80.75,239,87.5,109.5,9.25,9.5,488,483,93,43,97,339,214,88,57,87,113
25,1629646,Western Kentucky,29.0,33.0,12.65,3.27,3.53,7.0,Charles Bassey,C,81.25,230.20,87.0,107.5,9.0,9.5,488,483,93,43,97,339,214,88,57,87,113
26,1629646,Western Kentucky,33.0,36.0,12.19,3.33,3.13,,Charles Bassey,C,80.75,239,87.5,109.5,9.25,9.5,488,483,93,43,97,339,214,88,57,87,113
27,1629646,Western Kentucky,33.0,36.0,12.19,3.33,3.13,,Charles Bassey,C,81.25,230.20,87.0,107.5,9.0,9.5,488,483,93,43,97,339,214,88,57,87,113
28,1641734,Memphis,27.0,32.5,11.54,,3.49,,Emoni Bates,SF,80.25,179.20,81.0,105.0,8.0,8.25,78,21,18,2,3,87,28,4,1,10,25
29,203078,Florida,33.0,39.0,10.95,,3.28,8.0,Bradley Beal,SG,75.25,201.8,80.0,100.0,8.5,9.0,17257,3246,3432,882,339,13664,6346,3467,2848,1938,801
30,1627736,Florida State,,,,,,,Malik Beasley,SG,75.5,189.8,79.0,100.5,8.5,9.0,8378,2043,988,492,84,7173,3026,686,531,621,714
31,1630699,nan,,,,,,,MarJon Beauchamp,SG,77.25,196.60,84.75,106.0,9.0,9.0,635,302,88,42,16,539,231,105,76,102,170
32,1641736,Virginia,30.5,38.0,10.99,3.33,3.14,,Reece Beekman,PG,73.5,190.60,79.0,100.5,8.5,8.25,186,78,126,66,4,214,70,42,32,42,72
33,1641736,Virginia,30.5,38.0,10.99,3.33,3.14,,Reece Beekman,PG,73.25,196.44,78.5,100.0,8.5,9.0,186,78,126,66,4,214,70,42,32,42,72
34,1641736,Virginia,30.0,36.5,10.86,3.08,2.94,,Reece Beekman,PG,73.5,190.60,79.0,100.5,8.5,8.25,186,78,126,66,4,214,70,42,32,42,72
35,1641736,Virginia,30.0,36.5,10.86,3.08,2.94,,Reece Beekman,PG,73.25,196.44,78.5,100.0,8.5,9.0,186,78,126,66,4,214,70,42,32,42,72
36,1641710,Arkansas,32.0,39.0,11.04,,3.35,,Anthony Black,PG,77.75,210.00,79.5,102.5,8.25,9.5,1052,369,331,121,69,867,377,277,199,195,147
37,1629626,Oregon,,,,,,,Bol Bol,C,84.75,208,91.0,115.5,9.25,9.5,1243,709,126,55,153,925,504,183,137,178,202
38,1641737,California-Los Angeles,,,,,,,Adem Bona,C,80.25,243.40,,110.5,9.25,10.0,337,245,27,26,69,192,135,100,67,61,58
39,1641737,California-Los Angeles,,,,,,,Adem Bona,C,80.25,243.20,87.75,108.0,9.5,10.0,337,245,27,26,69,192,135,100,67,61,58
40,1641737,California-Los Angeles,35.0,40.0,11.01,3.01,3.15,,Adem Bona,C,80.25,243.40,,110.5,9.25,10.0,337,245,27,26,69,192,135,100,67,61,58
41,1641737,California-Los Angeles,35.0,40.0,11.01,3.01,3.15,,Adem Bona,C,80.25,243.20,87.75,108.0,9.5,10.0,337,245,27,26,69,192,135,100,67,61,58
42,1626164,Kentucky,27.5,34.5,10.27,2.75,3.28,8.0,Devin Booker,SG,76.5,205.8,80.25,102.5,8.75,9.0,16452,2718,3522,577,190,12390,5749,4042,3530,2035,673
43,1630527,Kentucky,,,,,,,Brandon Boston,SF,77.75,188.00,82.75,104.0,9.0,9.75,1101,327,176,99,30,989,407,228,178,119,147
44,1628449,nan,,,,,,,Chris Boucher,PF,80.0,182.2,88.0,110.5,9.25,10.5,3612,2084,201,197,384,2629,1284,864,673,221,407
45,1628396,North Carolina,24.5,27.5,11.79,2.99,3.44,5.0,Tony Bradley,C,81.25,248.8,89.0,112.5,9.5,9.5,1153,1010,133,59,138,790,506,199,134,139,235
46,1631103,Ohio State,29.0,35.0,11.38,3.09,3.17,,Malaki Branham,SG,76.0,194.80,82.0,102.5,8.5,9.75,1598,380,321,71,17,1429,627,166,140,201,188
47,1631128,Kansas,33.5,40.0,11.0,3.13,3.16,,Christian Braun,SG,77.5,209.20,78.5,99.5,8.0,8.5,2178,897,396,168,89,1593,841,412,310,171,237
48,1641779,nan,25.0,32.0,11.14,3.0,3.16,,Jalen Bridges,SF,78.75,213.40,82.0,105.0,9.0,10.0,9,4,0,0,0,7,2,4,3,4,8
49,1628970,Michigan State,,,,,,,Miles Bridges,SF,77.25,220.4,81.5,103.5,9.0,9.75,6642,2627,1135,322,294,5399,2493,1119,924,675,424
50,1629052,Syracuse,34.0,37.5,11.3,3.18,3.48,11.0,Oshae Brissett,SF-PF,79.0,203.2,84.0,104.0,9.0,9.5,1530,899,189,123,74,1204,504,481,334,133,233
51,1627763,Virginia,30.5,35.5,10.77,2.64,3.31,,Malcolm Brogdon,SG,75.75,223,82.5,98.0,9.0,10.25,7077,1917,2156,370,108,5621,2601,1285,1123,789,463
52,1628415,Oregon,31.0,37.5,11.14,3.24,3.21,16.0,Dillon Brooks,SG-SF,77.0,220.2,78.0,100.5,8.25,9.25,6970,1594,982,449,124,6173,2588,1122,902,704,492
53,1628971,Miami (FL),32.5,38.0,11.11,3.44,3.2,17.0,Bruce Brown,SG-PG,75.5,194.6,81.0,98.5,8.5,8.5,5111,2377,1393,511,250,4213,1988,991,772,629,565
54,1627759,California,,,,,,,Jaylen Brown,SG-SF,77.25,222.8,83.75,102.5,8.75,9.0,11436,3208,1589,612,228,8989,4298,2336,1696,1277,603
55,1641738,Missouri,28.5,32.0,11.39,3.23,3.33,,Kobe Brown,PF,78.5,252.20,84.75,106.5,8.75,9.75,166,127,49,19,10,162,70,9,6,21,84
56,1629650,California-Los Angeles,27.0,31.0,11.95,3.3,3.51,,Moses Brown,C,85.25,237.2,88.75,113.0,9.5,10.25,1260,1119,32,71,123,849,501,475,258,149,252
57,1628973,Villanova,29.0,37.0,10.59,3.11,3.15,7.0,Jalen Brunson,PG,73.0,198.4,76.0,96.0,8.25,9.25,8821,1549,2449,351,48,6631,3241,1896,1561,850,487
58,1628418,Indiana,25.5,33.0,11.42,3.12,3.37,7.0,Thomas Bryant,PF-C,81.5,247.8,90.0,112.5,9.5,10.25,3966,2292,410,159,305,2709,1568,753,586,302,458
59,1641723,Michigan,29.0,36.0,11.71,,3.26,,Kobe Bufkin,SG,76.25,186.80,79.75,102.5,8.0,9.25,134,54,44,10,7,139,52,26,17,18,27
60,202692,Colorado,29.0,36.0,10.96,,3.17,5.0,Alec Burks,SG,77.0,192.6,82.0,103.5,9.0,8.25,10589,3309,1926,661,209,8452,3479,2882,2355,1107,987
61,1630215,Baylor,,,,,,,Jared Butler,PG,74.25,193.00,76.0,98.5,8.5,8.25,1531,327,637,135,42,1290,580,234,192,248,208
62,202710,Marquette,32.0,39.0,11.12,,3.15,14.0,Jimmy Butler III,SF,78.0,222.2,79.5,101.5,9.0,9.0,18077,5285,4333,1600,436,12410,5866,6590,5562,1568,989
63,1641824,nan,31.0,38.0,10.73,2.9,3.09,,Matas Buzelis,SF,80.75,197.00,82.0,105.5,8.5,9.25,688,278,79,29,75,555,252,108,88,74,80
64,203484,Georgia,29.0,34.5,10.6,3.2,3.12,7.0,Kentavious Caldwell-Pope,SG,76.5,203.6,80.0,100.5,8.5,9.0,10172,2708,1652,1057,265,8479,3627,1685,1385,923,912
65,1641739,Georgia,28.5,33.0,10.7,3.19,3.41,,Toumani Camara,PF,79.0,220.40,84.5,107.0,9.0,10.0,1409,793,262,182,83,1154,525,225,166,193,148
66,1642267,nan,28.5,36.5,11.28,2.99,3.16,,Bub Carrington,PG,75.75,194.80,80.0,99.0,8.5,9.25,807,341,364,54,21,748,300,85,69,141,82
67,1642269,nan,35.0,42.0,10.63,2.9,2.87,,Devin Carter,SG,74.25,193.00,80.75,98.0,8.75,9.0,138,76,41,21,4,127,47,44,26,18,36
68,1628975,West Virginia,29.0,36.5,11.04,3.05,3.18,14.0,Jevon Carter,PG,72.25,196.2,76.25,95.0,9.25,8.5,2422,797,747,266,113,2233,879,157,126,274,478
69,1628976,Duke,,,,,,,Wendell Carter Jr.,C-PF,80.75,251.4,88.5,109.0,8.5,9.0,5171,3616,869,282,323,3841,1953,1333,972,661,437
70,1642264,nan,28.5,37.0,10.93,2.91,3.19,,Stephon Castle,SG,77.5,210.00,81.0,102.0,8.75,8.75,1190,297,332,74,22,988,423,344,249,177,81
71,1630577,St. John's (NY),26.0,32.0,12.38,3.2,3.2,,Julian Champagnie,SF,78.5,217.40,82.0,106.5,9.0,8.5,1649,644,234,121,87,1327,558,220,188,153,190
72,1630577,St. John's (NY),26.0,32.0,12.38,3.2,3.2,,Julian Champagnie,SF,78.25,212.40,82.0,107.0,8.75,9.25,1649,644,234,121,87,1327,558,220,188,153,190
73,1630577,St. John's (NY),28.5,34.5,11.39,3.04,3.14,,Julian Champagnie,SF,78.5,217.40,82.0,106.5,9.0,8.5,1649,644,234,121,87,1327,558,220,188,153,190
74,1630577,St. John's (NY),28.5,34.5,11.39,3.04,3.14,,Julian Champagnie,SF,78.25,212.40,82.0,107.0,8.75,9.25,1649,644,234,121,87,1327,558,220,188,153,190
75,1630551,Pittsburgh,27.0,35.0,11.94,3.14,3.34,,Justin Champagnie,PF,77.75,206.40,81.5,104.0,8.75,8.5,736,492,98,85,52,586,283,97,71,72,123
76,1642279,nan,29.0,35.5,11.74,2.84,3.1,,Ulrich Chomche,C,82.25,232.40,88.0,109.0,9.25,10.25,5,8,2,0,1,5,2,2,1,2,7
77,1642353,nan,32.5,35.5,11.07,2.95,3.07,,Cam Christie,SG,76.5,190.40,80.0,101.5,8.0,8.0,18,12,6,5,1,24,7,4,2,2,13
78,1631108,Michigan State,32.0,37.5,10.82,3.02,3.07,,Max Christie,SG,76.25,189.20,80.75,102.5,8.0,8.5,1910,733,373,157,86,1527,651,366,310,224,264
79,1630528,Arizona State,29.5,37.5,11.32,3.3,3.14,,Josh Christopher,SG,75.25,214.80,81.25,101.0,8.75,8.5,987,266,231,103,31,860,388,179,132,180,152
80,1631321,nan,30.5,35.5,11.24,,3.31,,Sidy Cissoko,SF,77.5,223.80,81.75,104.0,9.25,10.0,109,64,40,11,5,93,42,33,18,25,56
81,1641740,California-Los Angeles,,,,,,,Jaylen Clark,SG,76.0,204.20,81.0,101.5,8.5,9.0,163,53,26,36,2,120,56,37,29,8,40
82,1629634,San Jose State,34.0,40.5,10.61,3.05,3.15,10.0,Brandon Clarke,SF,79.25,207.2,80.25,102.0,8.25,9.5,3136,1683,409,222,246,2209,1338,586,409,221,307
83,203903,Tulsa,33.0,38.5,10.76,2.98,3.28,,Jordan Clarkson,PG,75.25,186.3,80.0,98.0,8.25,9.0,14231,2927,2568,718,138,12115,5315,2339,1935,1640,905
84,1629651,Georgia,31.5,36.5,11.26,3.47,3.36,8.0,Nic Claxton,C,82.0,216.6,86.5,110.0,9.25,9.5,3214,2397,535,221,534,2194,1395,774,416,341,311
85,1642270,nan,25.5,29.0,12.06,3.38,3.46,,Donovan Clingan,C,85.75,282.00,90.75,115.0,10.0,10.25,436,527,77,34,110,334,180,104,62,72,67
86,1641730,Alabama,,,,,,,Noah Clowney,PF,,,,,,,553,262,58,32,37,465,183,110,88,61,69
87,1642268,nan,30.0,34.0,10.77,2.9,3.04,,Isaiah Collier,PG,74.5,204.60,76.75,97.5,8.5,9.0,615,235,446,66,16,555,234,154,105,208,71
88,1628381,nan,33.0,37.5,11.66,3.27,3.27,15.0,John Collins,PF,80.25,225.2,83.25,106.5,9.0,10.0,7553,3805,697,288,478,5380,2936,1502,1189,724,472
89,1628380,nan,,,,,,,Zach Collins,PF-C,82.25,232.2,85.0,111.0,8.75,9.25,3420,2115,796,189,284,2680,1300,701,547,575,442
90,201144,Ohio State,35.5,40.5,11.63,,3.09,13.0,Mike Conley,PG,71.0,175,77.75,94.5,,,17268,3636,7075,1676,256,13814,6045,3771,3113,2283,1239
91,1626192,Notre Dame,37.5,44.0,10.58,3.08,3.2,13.0,Pat Connaughton,SG,76.0,215,80.0,96.0,8.5,9.25,3579,2023,829,283,159,2990,1309,362,280,329,595
92,1641731,nan,,,,,,,Bilal Coulibaly,SG-SF,,,,,,,1259,550,309,135,89,1056,451,316,230,212,122
93,1641741,Wichita State,30.5,37.0,11.2,3.21,3.33,,Ricky Council IV,SF,77.0,208.00,81.0,103.0,7.75,8.5,705,260,113,40,14,575,231,224,176,57,105
94,203109,Marquette,31.0,34.5,11.45,,3.37,20.0,Jae Crowder,SF,76.75,241.2,81.25,99.5,9.5,10.5,9600,4343,1635,997,339,7973,3316,1834,1430,866,1039
95,1630595,Oklahoma State,,,,,,,Cade Cunningham,PG,,,,,,,4588,1121,1530,215,125,3879,1730,855,729,794,208
96,203552,Liberty,,,,,,,Seth Curry,SG,73.0,179.2,76.0,97.5,8.0,8.25,6665,1393,1309,436,93,5205,2448,724,627,659,660
97,201939,Davidson,29.5,35.5,11.07,,3.28,10.0,Stephen Curry,PG-SG,74.0,181,75.5,97.0,,,25386,4819,6540,1553,265,18356,8648,4424,4032,3187,1026
98,1642359,nan,29.0,36.0,11.84,2.94,3.21,,Pacome Dadiet,SF,79.75,216.8,81.0,107.5,8.5,9.0,30,18,5,3,2,31,10,6,4,4,18
99,1630700,nan,29.0,34.0,10.81,2.81,3.22,,Dyson Daniels,SG,78.0,195.20,82.5,105.0,8.5,9.75,1654,873,631,357,91,1442,681,233,143,271,196
100,1642368,nan,27.0,33.0,11.55,3.04,3.23,,N'Faly Dante,C,82.0,260.20,90.0,111.0,9.25,10.0,24,21,2,1,5,13,10,5,4,2,4
101,203076,Kentucky,,,,,,,Anthony Davis,PF-C,81.25,221.8,89.5,108.0,9.0,8.5,20239,9005,2190,1092,1925,14499,7570,5915,4689,1686,838
102,1631098,Wisconsin,,,,,,,Johnny Davis,PG,76.25,196.40,80.5,103.5,8.5,10.25,395,175,71,43,24,403,160,66,37,37,112
103,1631120,Alabama,30.0,37.0,11.38,3.23,3.26,,JD Davison,PG,72.5,191.80,78.5,99.5,8.5,9.5,68,32,34,8,4,65,25,13,9,19,36
104,201942,Southern California,29.0,38.5,11.88,,3.31,5.0,DeMar DeRozan,SG-SF,77.5,211.2,81.0,102.5,,,25292,5208,4869,1170,393,19315,9064,7778,6549,2379,1187
105,1628978,Villanova,34.5,42.0,10.72,3.12,3.11,12.0,Donte DiVincenzo,SG,75.5,200.6,78.0,97.5,8.25,9.0,4849,1953,1317,543,120,4046,1701,583,456,668,458
106,1631217,Michigan,29.0,36.5,11.16,2.9,3.26,,Moussa Diabaté,C,81.25,216.60,86.5,109.5,8.5,10.5,491,512,64,58,49,346,201,146,88,72,104
107,1641711,Kansas,29.0,34.0,11.13,2.98,3.5,,Gradey Dick,SG,78.25,204.00,80.75,101.0,8.25,9.0,1287,325,166,82,12,1092,454,206,177,133,114
108,1631172,nan,,,,,,,Ousmane Dieng,SF,,,,,,,468,237,114,39,19,422,179,55,40,63,109
109,1642265,nan,,,,,,,Rob Dillingham,PG,73.0,164.20,75.0,95.0,8.0,8.25,219,50,98,20,1,211,93,15,8,53,49
110,203915,Colorado,,,,,,,Spencer Dinwiddie,PG,76.5,204.9,80.25,103.0,8.25,9.0,11161,2605,4370,610,226,8760,3642,3129,2493,1347,843
111,1629652,Arizona State,32.5,38.0,10.79,3.13,3.22,14.0,Luguentz Dort,PG,74.75,222.2,80.5,99.5,8.5,9.0,4442,1403,585,348,150,3706,1511,868,686,406,363
112,1630245,Illinois,27.0,33.5,11.51,3.27,3.23,,Ayo Dosunmu,SG,75.5,194.40,82.25,102.0,8.5,8.75,2856,811,912,233,109,2273,1140,344,266,379,279
113,1628408,South Carolina,34.0,39.0,10.84,2.98,3.15,9.0,PJ Dozier,SG,77.25,200.6,83.0,101.0,8.5,9.5,700,337,204,65,35,670,270,116,75,93,130
114,203083,Connecticut,31.5,33.5,10.83,,3.39,10.0,Andre Drummond,C,81.75,278.6,90.25,109.5,9.5,9.5,13570,13076,1484,1383,1358,10542,5687,4359,2173,2064,1080
115,1630561,Providence,30.0,39.0,11.21,3.19,3.08,,David Duke Jr.,SG,76.25,203.60,80.75,102.5,8.5,9.0,231,111,47,27,8,218,91,43,33,32,55
116,1627739,Providence,,,,,,,Kris Dunn,PG,75.0,,81.5,100.0,,,3116,1355,1617,597,171,2907,1271,425,313,634,407
117,1642346,nan,32.0,38.5,10.99,2.88,3.12,,Ryan Dunn,PF,78.25,213.60,85.5,103.0,9.0,9.75,511,267,57,44,40,477,205,39,19,40,74
118,201142,Texas,26.0,33.5,12.33,,3.45,0.0,Kevin Durant,SF-PF,81.0,215,88.75,110.0,,,31937,8141,5143,1208,1340,21861,11025,8605,7603,3710,1170
119,1631105,Memphis,,,,,,,Jalen Duren,C,,,,,,,2371,2111,431,131,195,1508,985,580,401,357,206
120,1631106,Louisiana State,,,,,,,Tari Eason,PF,78.75,217.40,86.0,107.5,9.25,11.0,1661,1011,198,224,116,1408,656,282,209,186,161
121,1641744,Purdue,26.0,29.5,11.37,,3.45,,Zach Edey,C,87.25,306.40,94.5,115.5,9.75,11.0,610,548,65,36,85,433,251,127,90,88,66
122,1641744,Purdue,26.0,29.5,11.37,,3.45,,Zach Edey,C,87.75,299.00,94.75,115.0,10.0,10.75,610,548,65,36,85,433,251,127,90,88,66
123,1641744,Purdue,26.0,31.5,11.19,3.01,3.42,,Zach Edey,C,87.25,306.40,94.5,115.5,9.75,11.0,610,548,65,36,85,433,251,127,90,88,66
124,1641744,Purdue,26.0,31.5,11.19,3.01,3.42,,Zach Edey,C,87.75,299.00,94.75,115.0,10.0,10.75,610,548,65,36,85,433,251,127,90,88,66
125,1642399,nan,30.5,35.5,11.24,3.23,3.33,,Jesse Edwards,C,83.5,236.00,89.0,111.0,9.25,10.0,0,0,1,0,0,0,0,0,0,0,2
126,1642348,nan,28.0,32.5,12.07,3.22,3.18,,Justin Edwards,SF,78.0,209.40,82.0,102.5,8.75,8.75,445,148,69,45,16,378,172,46,32,49,44
127,1630556,Pepperdine,28.0,37.0,11.3,3.38,3.25,,Kessler Edwards,PF,79.0,203.00,83.25,106.0,8.5,8.25,745,451,134,86,60,670,283,71,55,88,214
128,1631165,Alabama,28.0,35.5,10.87,3.02,3.18,,Keon Ellis,SG,75.5,167.40,80.5,102.0,8.0,9.25,1000,344,211,177,93,712,341,128,103,109,153
129,203957,nan,31.5,34.5,10.75,2.88,3.19,,Danté Exum,SG,76.5,196.3,81.5,103.0,8.5,9.5,2150,690,768,148,60,1807,790,409,312,410,355
130,1628981,Maryland,29.0,35.0,12.19,3.03,3.23,11.0,Bruno Fernando,C,80.75,233.2,88.25,109.0,9.5,10.0,1113,904,199,65,147,813,446,325,214,199,289
131,1628981,Maryland,29.0,35.0,12.19,3.03,3.23,11.0,Bruno Fernando,C,80.75,237,87.25,110.0,9.25,10.0,1113,904,199,65,147,813,446,325,214,199,289
132,1628981,Maryland,29.5,33.5,11.29,3.05,3.21,13.0,Bruno Fernando,C,80.75,233.2,88.25,109.0,9.5,10.0,1113,904,199,65,147,813,446,325,214,199,289
133,1628981,Maryland,29.5,33.5,11.29,3.05,3.21,13.0,Bruno Fernando,C,80.75,237,87.25,110.0,9.25,10.0,1113,904,199,65,147,813,446,325,214,199,289
134,1642271,nan,27.0,32.5,11.43,2.93,3.19,,Kyle Filipowski,PF,82.75,229.80,82.5,107.0,8.75,9.5,690,440,140,48,22,518,260,143,93,102,72
135,1627827,Virginia Tech,32.5,35.5,11.01,3.04,3.27,,Dorian Finney-Smith,SF,78.5,212.6,83.75,105.5,9.0,9.75,6009,3235,1041,598,324,5045,2184,665,478,632,720
136,1641745,Presbyterian,31.0,36.0,10.96,,3.24,,Adam Flagler,PG,73.0,191.80,76.5,97.0,8.0,9.25,68,27,16,8,3,103,26,2,1,4,39
137,1642280,nan,34.5,42.0,11.01,3.0,3.13,,Trentyn Flowers,SF,78.5,201.40,80.25,100.5,8.75,9.5,11,4,0,0,0,11,4,3,3,1,6
138,1628368,Kentucky,,,,,,,De'Aaron Fox,PG,74.0,169.6,78.5,100.0,8.5,8.5,12858,2380,3654,847,246,10122,4749,3218,2427,1623,593
139,1642402,nan,30.5,35.0,10.99,3.04,3.26,,Enrique Freeman,PF,79.25,212.00,86.0,108.0,8.75,10.0,46,30,9,3,3,37,16,19,13,6,22
140,1628365,Washington,,,,,,,Markelle Fultz,PG,,,,,,,2656,817,1111,286,70,2389,1124,444,325,451,255
141,1642277,nan,25.5,32.0,11.15,3.17,3.2,,Johnny Furphy,SF,79.5,188.80,80.0,104.5,8.0,9.5,103,71,19,18,11,92,35,22,18,12,50
142,1629655,Arkansas,32.5,36.5,11.61,3.19,3.25,5.0,Daniel Gafford,PF,81.25,237.6,86.5,110.0,9.25,9.25,4691,2920,541,281,812,2753,1955,1162,781,475,506
143,1629636,Vanderbilt,,,,,,,Darius Garland,PG,,,,,,,7204,1015,2558,447,44,5818,2635,1196,1037,1127,382
144,1630568,Iowa,24.0,29.5,11.9,3.38,3.51,,Luka Garza,C,82.0,242.80,85.5,107.5,9.0,9.25,604,248,53,22,12,443,217,173,121,50,124
145,1641718,Baylor,,,,,,,Keyonte George,SG,,,,,,,2099,464,709,82,16,1734,678,508,422,371,142
146,1642273,nan,27.0,32.0,11.9,2.91,3.32,,Kyshawn George,SF,79.0,208.80,82.25,105.0,9.0,10.25,590,285,169,68,50,546,203,93,70,97,68
147,202331,Fresno State,,,,,,4.0,Paul George,SF,79.75,214.4,83.25,107.0,8.5,9.0,18697,5684,3369,1539,401,14553,6400,4160,3548,2423,908
148,201959,Southern California,25.5,30.0,11.56,,3.41,12.0,Taj Gibson,PF,80.5,214.4,88.0,109.0,,,9277,6249,1030,574,1036,7474,3858,2107,1501,1155,1100
149,1628983,Kentucky,,,,,,,Shai Gilgeous-Alexander,PG,76.5,180,83.5,104.0,9.0,9.0,11294,2211,2362,666,370,7872,3943,3243,2794,1072,462
150,1631221,Villanova,26.5,33.0,10.95,3.01,3.21,,Collin Gillespie,PG,73.5,195.80,76.0,98.0,8.25,9.0,281,99,105,34,5,227,100,34,27,31,57
151,203497,nan,25.0,29.0,12.85,3.19,3.57,7.0,Rudy Gobert,C,84.5,237.6,92.5,115.0,9.75,10.0,10458,9700,1123,576,1718,5950,3903,4137,2652,1337,829
152,203932,Arizona,32.5,39.0,10.81,2.76,3.27,,Aaron Gordon,PF,79.5,220.1,83.75,105.0,8.75,10.5,10375,4758,2100,555,479,8136,3927,2463,1700,1165,770
153,201569,Indiana,32.0,40.0,10.81,,3.01,15.0,Eric Gordon,SG,74.0,222,81.0,99.0,,,14990,2247,2691,819,350,11867,5112,3147,2550,1780,994
154,203924,Syracuse,,,,,,,Jerami Grant,SF,78.5,214,86.75,107.0,9.25,9.25,9865,3031,1196,518,827,7488,3364,2888,2153,958,799
155,203110,Michigan State,28.0,33.0,11.01,,3.4,9.0,Draymond Green,PF-SF,77.75,235.6,85.25,105.0,9.0,9.5,7665,6087,4948,1183,888,6299,2831,1775,1261,2027,881
156,1630224,nan,,,,,,,Jalen Green,SG,,,,,,,6173,1310,1030,240,91,5082,2143,1387,1108,729,307
157,201145,Georgetown,33.5,38.0,12.0,,3.34,17.0,Jeff Green,SF,79.0,228,85.25,103.0,,,17971,6035,2214,949,721,14511,6500,4332,3480,1924,1498
158,1630182,Arizona,30.5,39.5,10.64,2.28,3.12,,Josh Green,SG-SF,76.5,214,81.75,101.5,8.0,8.75,1941,777,448,224,46,1526,736,291,200,263,291
159,1629656,Kansas,27.5,36.0,10.83,3.28,3.2,6.0,Quentin Grimes,SG,76.0,209.6,79.75,100.5,8.25,10.0,3976,1171,782,296,95,3139,1389,635,483,435,369
160,1629656,Kansas,27.5,36.0,10.83,3.28,3.2,6.0,Quentin Grimes,SG,76.0,205.00,80.0,101.0,8.5,10.0,3976,1171,782,296,95,3139,1389,635,483,435,369
161,1629656,Kansas,30.5,38.5,11.09,3.33,3.07,,Quentin Grimes,SG,76.0,209.6,79.75,100.5,8.25,10.0,3976,1171,782,296,95,3139,1389,635,483,435,369
162,1629656,Kansas,30.5,38.5,11.09,3.33,3.07,,Quentin Grimes,SG,76.0,205.00,80.0,101.0,8.5,10.0,3976,1171,782,296,95,3139,1389,635,483,435,369
163,1631243,Washington State,,,,,,,Mouhamed Gueye,C,82.25,212.60,87.25,110.5,9.0,10.0,221,161,31,33,37,194,80,48,37,16,39
164,1641790,nan,32.5,39.5,11.76,3.01,3.35,,PJ Hall,C,80.25,239.60,85.5,103.5,9.0,9.75,33,22,4,0,4,24,14,4,3,2,19
165,203501,Michigan,31.5,37.5,10.68,2.93,3.25,16.0,Tim Hardaway Jr.,SG,76.5,199.4,79.0,101.0,8.0,9.25,12325,2560,1645,549,116,10251,4250,2223,1819,904,878
166,201935,Arizona State,31.5,37.0,11.1,,3.13,17.0,James Harden,SG,76.0,222,82.75,103.5,,,30202,7321,9458,1850,724,20336,8923,10337,8912,4721,1260
167,1630702,nan,,,,,,,Jaden Hardy,SG,,,,,,,1446,309,255,67,16,1226,521,241,184,190,178
168,1631199,Rutgers,26.0,30.5,11.41,3.24,3.4,,Ron Harper Jr.,SF,76.0,240.40,85.25,105.5,9.5,10.0,24,14,7,0,1,24,9,3,3,0,11
169,203914,Michigan State,,,,,,,Gary Harris,SG,74.5,204.8,78.75,96.0,8.5,9.5,6828,1494,1219,695,150,5663,2509,1050,851,670,657
170,202699,Tennessee,31.5,37.5,10.96,,3.17,12.0,Tobias Harris,SF-PF,78.5,222.8,83.0,103.5,8.75,9.0,20453,7848,2952,988,695,16369,7799,3705,3093,1774,1263
171,1628404,Villanova,29.5,38.5,11.15,3.15,3.2,,Josh Hart,SG,76.0,203.6,80.5,99.5,8.5,9.25,7023,4687,2202,704,209,5342,2564,1472,1109,967,660
172,1628404,Villanova,29.5,38.5,11.15,3.15,3.2,,Josh Hart,SG-SF,75.75,209.2,80.25,101.0,8.5,9.5,7023,4687,2202,704,209,5342,2564,1472,1109,967,660
173,1628404,Villanova,27.5,35.5,11.15,3.02,3.18,9.0,Josh Hart,SG,76.0,203.6,80.5,99.5,8.5,9.25,7023,4687,2202,704,209,5342,2564,1472,1109,967,660
174,1628404,Villanova,27.5,35.5,11.15,3.02,3.18,9.0,Josh Hart,SG-SF,75.75,209.2,80.25,101.0,8.5,9.5,7023,4687,2202,704,209,5342,2564,1472,1109,967,660
175,1630573,Virginia,28.5,34.5,11.14,3.07,3.34,,Sam Hauser,SF,78.75,217.40,81.25,102.0,8.25,9.0,1894,733,227,111,61,1478,666,47,40,87,256
176,1641722,Connecticut,,,,,,,Jordan Hawkins,SG,76.25,186.00,78.75,101.5,8.25,8.75,1128,306,136,49,30,1012,381,178,147,98,123
177,1629637,Texas-Arlington,27.0,34.5,11.74,3.23,3.37,5.0,Jaxson Hayes,PF,82.25,218.6,87.5,110.5,9.25,10.5,2494,1443,259,169,247,1491,967,761,530,263,367
178,1630703,nan,,,,,,,Scoot Henderson,PG,,,,,,,1705,392,671,116,26,1482,594,410,325,389,128
179,1641707,Central Florida,32.5,36.0,11.27,,3.32,,Taylor Hendricks,PF,80.25,213.60,84.5,107.0,9.25,10.25,306,200,34,33,34,258,112,33,26,29,43
180,1629639,Kentucky,,,,,,,Tyler Herro,SG,76.5,192.4,75.25,100.5,8.0,8.75,6987,1802,1460,263,70,5674,2540,1056,923,811,361
181,1627741,Oklahoma,,,,,,,Buddy Hield,SG,75.75,212.4,81.25,101.0,8.5,9.0,13876,3827,2361,795,303,11701,5031,1231,1058,1512,961
182,1628988,California-Los Angeles,25.5,33.0,10.96,3.22,3.27,,Aaron Holiday,PG,71.75,187,79.5,97.0,8.75,8.5,3297,831,1053,304,89,2842,1205,492,420,454,511
183,201950,California-Los Angeles,28.5,34.0,10.64,,3.21,6.0,Jrue Holiday,PG-SG,75.25,199,79.0,100.5,,,16422,4340,6440,1473,535,13928,6434,2513,1980,2673,1037
184,1641842,nan,30.0,38.0,11.1,2.91,3.1,,Ronald Holland II,SF,78.5,196.80,82.75,104.0,8.75,9.0,522,218,82,49,17,416,197,122,92,72,81
185,1626158,Bowling Green,32.5,36.0,11.24,3.31,3.32,15.0,Richaun Holmes,PF,80.25,242.8,85.5,108.0,8.5,8.5,4363,2788,504,254,468,2981,1797,959,719,430,529
186,1641747,Dayton,29.5,35.0,11.48,,3.2,,DaRon Holmes II,C,81.0,220.80,84.5,109.0,8.5,9.5,0,0,0,0,0,0,0,0,0,0,0
187,1641747,Dayton,29.5,35.0,11.48,,3.2,,DaRon Holmes II,C,80.75,236.20,85.0,108.0,8.75,9.0,0,0,0,0,0,0,0,0,0,0,0
188,1641747,Dayton,27.5,34.0,11.2,3.03,3.25,,DaRon Holmes II,C,81.0,220.80,84.5,109.0,8.5,9.5,0,0,0,0,0,0,0,0,0,0,0
189,1641747,Dayton,27.5,34.0,11.2,3.03,3.25,,DaRon Holmes II,C,80.75,236.20,85.0,108.0,8.75,9.0,0,0,0,0,0,0,0,0,0,0,0
190,1631096,Gonzaga,,,,,,,Chet Holmgren,PF,,,,,,,1836,905,263,76,261,1294,672,409,319,187,114
191,1641720,Indiana,,,,,,,Jalen Hood-Schifino,PG,76.25,216.60,82.25,100.5,9.0,9.75,246,67,82,13,16,241,84,62,48,45,51
192,201143,Florida,31.0,35.5,12.15,,3.37,20.0,Al Horford,PF,80.0,246,84.75,107.0,,,14705,8944,3629,866,1300,11900,6062,2104,1605,1569,1138
193,1629659,Iowa State,26.0,34.5,11.34,3.43,3.34,10.0,Talen Horton-Tucker,SG,74.5,235.4,85.25,103.0,9.5,9.75,2809,800,852,237,110,2426,1036,633,488,424,305
194,1641724,Michigan,,,,,,,Jett Howard,SF,,,,,,,296,77,50,15,13,292,108,27,18,39,78
195,1628989,Maryland,31.0,38.0,10.89,2.97,3.09,9.0,Kevin Huerter,SG,78.25,194,79.5,101.5,8.25,8.5,6282,1843,1570,510,189,5392,2370,512,387,650,551
196,1630574,nan,24.5,31.0,12.2,3.53,3.12,,Ariel Hukporti,C,82.75,246.00,86.5,111.5,9.5,9.5,48,51,11,1,15,31,21,13,6,21,25
197,1630574,nan,24.5,31.0,12.2,3.53,3.12,,Ariel Hukporti,C,82.75,246.20,86.5,111.0,9.25,10.25,48,51,11,1,15,31,21,13,6,21,25
198,1630574,nan,,,,,,,Ariel Hukporti,C,82.75,246.00,86.5,111.5,9.5,9.5,48,51,11,1,15,31,21,13,6,21,25
199,1630574,nan,,,,,,,Ariel Hukporti,C,82.75,246.20,86.5,111.0,9.25,10.25,48,51,11,1,15,31,21,13,6,21,25
200,1629631,Virginia,,,,,,,De'Andre Hunter,,,,,,,,5927,1594,589,274,110,4515,2053,1306,1077,530,391
201,1630538,Virginia Commonwealth,26.5,34.0,10.53,3.17,3.1,,Bones Hyland,SG,74.0,169.00,81.25,101.5,8.75,9.0,2570,563,692,181,62,2200,877,404,343,344,266
202,1642345,nan,35.0,39.5,11.25,3.12,3.09,,Oso Ighodaro,C,81.5,222.00,83.0,104.5,9.0,10.0,255,222,71,28,29,187,113,50,29,39,61
203,1631127,nan,29.5,35.0,11.83,3.26,3.31,,Harrison Ingram,SF,77.25,232.80,84.25,103.5,9.0,10.0,4,9,3,3,0,4,2,0,0,1,5
204,1631127,nan,29.5,35.0,11.83,3.26,3.31,,Harrison Ingram,SF,77.25,233.60,84.25,102.5,9.0,10.25,4,9,3,3,0,4,2,0,0,1,5
205,1631127,nan,29.0,35.0,11.36,2.94,3.17,,Harrison Ingram,SF,77.25,232.80,84.25,103.5,9.0,10.0,4,9,3,3,0,4,2,0,0,1,5
206,1631127,nan,29.0,35.0,11.36,2.94,3.17,,Harrison Ingram,SF,77.25,233.60,84.25,102.5,9.0,10.25,4,9,3,3,0,4,2,0,0,1,5
207,202681,Duke,,,,,,,Kyrie Irving,PG,73.75,191,76.0,99.0,8.25,9.25,20056,3477,4696,1088,382,15516,7381,3633,3230,2070,839
208,1631093,Purdue,,,,,,,Jaden Ivey,PG,,,,,,,2917,676,802,146,69,2369,1016,775,578,516,181
209,1641713,South Carolina,31.0,37.0,11.39,,3.21,,GG Jackson,PF,80.25,214.40,83.5,106.0,8.5,10.0,908,288,88,40,29,762,315,193,144,96,77
210,1630543,Kentucky,,,,,,,Isaiah Jackson,C,,,,,,,1170,697,116,93,214,780,464,350,235,135,164
211,1641748,Connecticut,30.5,39.5,10.83,,3.14,,Andre Jackson Jr.,SF,77.5,198.40,81.75,103.0,8.25,9.5,355,295,133,50,20,297,144,35,20,86,124
212,1628991,Michigan State,,,,,,,Jaren Jackson Jr.,PF-C,81.75,236,89.25,110.0,10.0,10.0,7518,2258,602,414,777,5700,2658,1891,1498,762,407
213,1631218,Indiana,,,,,,,Trayce Jackson-Davis,C,,,,,,,947,652,186,52,114,634,407,234,133,94,130
214,1631218,Indiana,,,,,,,Trayce Jackson-Davis,C,80.25,240.40,85.0,106.0,9.25,10.75,947,652,186,52,114,634,407,234,133,94,130
215,1631218,Indiana,33.0,36.5,11.8,3.23,3.2,,Trayce Jackson-Davis,C,,,,,,,947,652,186,52,114,634,407,234,133,94,130
216,1631218,Indiana,33.0,36.5,11.8,3.23,3.2,,Trayce Jackson-Davis,C,80.25,240.40,85.0,106.0,9.25,10.75,947,652,186,52,114,634,407,234,133,94,130
217,1642355,nan,32.0,40.5,10.96,3.02,3.09,,Bronny James,SG,73.5,210.40,79.25,98.5,8.5,9.5,62,18,22,9,3,67,21,14,11,13,27
218,2544,nan,,,,,,,LeBron James,SF-SG,79.25,245,84.25,106.25,,,42184,11731,11584,2345,1150,30583,15488,11735,8649,5471,1562
219,1631170,California-Los Angeles,34.5,39.0,11.21,,3.33,,Jaime Jaquez Jr.,SF,78.0,226.40,81.5,99.5,8.5,9.5,1459,575,361,138,34,1159,554,317,249,208,141
220,1629610,Tulsa,,,,,,,DaQuan Jeffries,SF-PF,76.0,215.6,83.25,104.0,9.5,10.25,635,302,110,60,47,590,245,54,43,68,142
221,1629660,Virginia,26.0,31.5,11.21,3.12,3.4,2.0,Ty Jerome,PG,76.25,194.4,76.0,98.0,8.25,9.5,1986,467,648,166,22,1592,729,286,243,225,229
222,1630198,nan,,,,,,,Isaiah Joe,SG,75.0,170.4,79.5,101.0,8.25,8.25,2434,643,361,168,46,1891,815,263,220,154,321
223,1642358,nan,29.0,38.0,10.76,2.87,3.15,,AJ Johnson,SG,76.25,167.00,80.5,102.0,8.5,8.5,440,118,152,24,6,426,164,74,64,70,58
224,1629661,Pittsburgh,30.5,36.5,10.52,3.28,3.26,,Cameron Johnson,SG,79.0,205.2,82.0,103.0,8.0,8.5,5045,1527,742,332,120,3809,1735,804,683,349,382
225,1630552,Duke,,,,,,,Jalen Johnson,PF,79.75,209.60,84.25,106.0,9.75,10.5,2023,1155,470,164,119,1607,810,358,255,257,184
226,201949,Wake Forest,30.5,35.0,11.21,,3.23,18.0,James Johnson,SF-PF,79.0,257.2,84.75,105.5,,,6739,3153,1871,681,766,5660,2668,1415,950,1215,907
227,1629640,Kentucky,,,,,,,Keldon Johnson,SG,76.75,216.4,81.25,104.0,8.0,9.25,5761,1992,797,258,93,4550,2127,1216,927,494,370
228,1630553,Tennessee,41.5,48.0,11.45,3.2,3.0,,Keon Johnson,SG,75.5,184.80,79.25,97.0,8.5,9.0,1593,510,389,160,61,1522,570,294,227,256,198
229,1642352,nan,31.5,42.0,11.38,3.02,3.03,,Keshad Johnson,PF,78.25,224.00,82.25,103.0,9.25,10.75,43,28,4,5,4,26,18,9,4,4,16
230,1641732,Xavier,30.5,35.0,11.14,3.13,3.33,,Colby Jones,SG,76.5,199.20,80.0,103.0,8.25,8.5,378,214,108,59,31,329,146,81,52,56,108
231,1641794,Weber State,26.5,33.5,11.08,2.82,3.25,,Dillon Jones,SF,76.5,236.80,83.0,100.5,9.0,9.25,135,121,58,16,4,133,51,28,17,28,54
232,1630529,Alabama,28.5,36.5,11.02,3.17,3.25,,Herbert Jones,SF,78.0,206.40,84.25,106.0,8.5,9.0,2433,915,593,375,173,1837,877,522,430,316,240
233,1642403,nan,29.0,35.0,11.49,3.0,3.38,,Isaac Jones,C,79.75,235.00,87.0,108.0,9.25,10.25,134,57,12,5,10,83,54,36,23,16,40
234,1630539,Texas,,,,,,,Kai Jones,PF,82.0,221.40,85.75,110.5,9.0,9.5,575,384,69,48,78,352,250,98,68,73,147
235,1630222,nan,24.0,31.0,10.6,2.49,3.33,,Mason Jones,SG,75.75,207.2,79.0,102.5,8.75,8.5,393,134,104,17,3,287,122,150,97,62,83
236,1626145,Duke,26.5,32.5,11.84,2.95,3.32,2.0,Tyus Jones,PG,72.5,184.6,77.0,97.0,8.25,8.75,5249,1374,3022,667,65,4564,2033,598,491,557,682
237,201599,Texas A&M,26.0,30.5,12.3,,3.27,8.0,DeAndre Jordan,C,81.75,250,90.0,113.5,,,10447,11951,1222,625,1675,6314,4234,4032,1977,1632,1228
238,202709,Texas,27.5,35.0,10.75,,3.27,5.0,Cory Joseph,PG,74.0,186.2,77.5,99.0,8.5,10.5,6345,2253,2730,687,201,5487,2428,1166,919,929,929
239,1631107,nan,,,,,,,Nikola Jović,SF,81.5,222.60,84.25,108.5,8.75,9.75,928,403,231,70,29,727,327,153,123,112,107
240,1630548,Kentucky,31.0,36.5,11.13,3.08,3.13,,Johnny Juzang,SG,77.5,209.00,82.5,100.5,8.5,9.5,802,259,99,47,13,689,290,71,57,52,102
241,1630548,Kentucky,31.0,36.5,11.13,3.08,3.13,,Johnny Juzang,SG,77.25,208.60,83.0,102.5,8.5,9.5,802,259,99,47,13,689,290,71,57,52,102
242,1630548,Kentucky,27.5,32.5,11.03,3.17,3.29,,Johnny Juzang,SG,77.5,209.00,82.5,100.5,8.5,9.5,802,259,99,47,13,689,290,71,57,52,102
243,1630548,Kentucky,27.5,32.5,11.03,3.17,3.29,,Johnny Juzang,SG,77.25,208.60,83.0,102.5,8.5,9.5,802,259,99,47,13,689,290,71,57,52,102
244,1628379,nan,,,,,,,Luke Kennard,SG-SF,76.5,196.2,77.25,98.5,8.0,8.75,5063,1459,1136,281,61,3890,1792,500,443,495,519
245,1631117,North Carolina,,,,,,,Walker Kessler,C,84.25,256.00,88.25,113.0,8.5,8.5,1838,1808,226,92,465,1183,805,404,217,210,196
246,1630557,Gonzaga,30.0,37.5,10.91,2.99,3.12,,Corey Kispert,SF,78.0,223.80,79.0,102.0,8.75,10.0,3229,822,431,134,61,2458,1166,395,318,267,292
247,1641752,Wake Forest,,,,,,,Bobi Klintman,PF,,,,,,,15,7,7,2,1,10,6,2,1,1,8
248,1641752,Wake Forest,,,,,,,Bobi Klintman,PF,80.75,212.20,83.0,106.5,8.75,10.0,15,7,7,2,1,10,6,2,1,1,8
249,1641752,Wake Forest,26.5,32.5,11.49,3.21,3.23,,Bobi Klintman,PF,,,,,,,15,7,7,2,1,10,6,2,1,1,8
250,1641752,Wake Forest,26.5,32.5,11.49,3.21,3.23,,Bobi Klintman,PF,80.75,212.20,83.0,106.5,8.75,10.0,15,7,7,2,1,10,6,2,1,1,8
251,1642261,nan,31.0,39.0,10.56,2.79,3.07,,Dalton Knecht,SF,77.25,212.20,81.0,103.5,8.5,9.5,706,216,66,24,8,557,257,84,64,37,78
252,1628995,Kentucky,,,,,,,Kevin Knox II,SF,79.75,212.6,83.75,108.0,8.75,9.25,2830,1114,276,149,97,2514,1008,541,394,316,413
253,1642278,nan,27.0,34.0,10.97,3.08,3.27,,Tyler Kolek,PG,73.25,196.60,74.75,95.0,8.25,9.5,81,27,70,12,4,82,27,17,13,18,41
254,1631132,Arizona,28.0,33.5,11.3,3.19,3.27,,Christian Koloko,C,82.75,221.00,89.25,113.0,9.0,10.75,272,263,47,29,73,216,112,73,47,32,95
255,1630228,nan,,,,,,,Jonathan Kuminga,SF,,,,,,,3225,1037,456,165,110,2387,1211,862,600,362,258
256,1628398,Utah,27.0,34.0,10.72,2.98,3.25,12.0,Kyle Kuzma,SF-SG,80.0,222.6,84.25,107.5,8.5,9.5,10174,3783,1598,340,300,8638,3873,1810,1287,1320,606
257,1631222,Wake Forest,27.5,34.0,10.58,2.89,3.37,,Jake LaRavia,PF,78.75,227.20,81.5,104.0,8.5,10.25,1400,709,395,165,62,1072,475,348,253,235,202
258,203897,California-Los Angeles,33.5,41.5,10.42,2.8,3.19,,Zach LaVine,PG,76.5,180.9,80.25,100.0,8.25,8.75,15314,2980,2905,629,195,11554,5477,3110,2588,1933,728
259,1627746,Kentucky,,,,,,,Skal Labissiere,PF-C,82.5,215.8,86.5,105.5,8.75,9.0,1141,707,164,58,105,925,457,259,190,162,174
260,1641796,nan,30.5,38.0,11.15,2.91,3.06,,Pelle Larsson,SG,77.25,212.40,79.5,102.0,8.75,10.25,251,92,65,32,7,203,89,61,41,24,55
261,1630639,South Carolina,33.0,41.0,11.0,3.01,2.98,,A.J. Lawson,SG-SF,77.5,179.20,78.75,99.5,8.5,9.25,484,178,55,27,9,399,178,102,62,35,98
262,1627747,Michigan,,,,,,,Caris LeVert,SG,77.75,191,82.0,101.0,8.5,9.25,9984,2612,2813,722,284,8426,3710,2037,1513,1204,693
263,203458,Maryland,,,,,,,Alex Len,C,,,87.5,,9.0,10.75,5543,4300,726,300,748,4151,2160,1618,1085,868,855
264,202695,San Diego State,25.5,32.0,11.45,,3.15,3.0,Kawhi Leonard,SF,78.0,227.4,87.0,106.0,9.75,11.25,14733,4662,2236,1255,471,10736,5352,3306,2842,1212,733
265,1641721,Pepperdine,32.5,36.5,11.4,,3.43,,Maxwell Lewis,SG,78.25,207.20,84.0,104.5,8.75,9.5,243,114,44,20,15,237,94,23,16,38,90
266,1630604,Ohio State,35.5,38.0,11.11,3.23,3.26,,E.J. Liddell,PF,77.5,243.00,83.75,103.5,8.25,9.25,25,14,4,3,3,21,9,4,4,4,20
267,203081,Weber State,34.5,39.5,11.15,,3.34,13.0,Damian Lillard,PG,73.75,188.8,79.75,95.5,8.75,9.75,22598,3845,6069,874,267,16568,7266,5853,5262,2541,900
268,1641726,Duke,,,,,,,Dereck Lively II,C,,,,,,,797,648,145,56,133,487,355,154,87,91,91
269,1641753,Kentucky,30.5,37.0,11.65,,3.27,,Chris Livingston,SF,78.0,219.20,83.25,104.5,8.5,9.0,56,56,10,7,0,49,20,20,15,11,42
270,1626172,California-Los Angeles,,,,,,,Kevon Looney,PF,80.0,222.4,87.5,110.0,9.5,9.25,2977,3391,956,304,322,2189,1258,738,449,350,599
271,201572,Stanford,27.5,30.5,12.77,,3.57,7.0,Brook Lopez,C,83.25,258,89.5,113.0,,,17517,6737,1614,633,2060,13447,6680,3865,3082,1751,1105
272,201567,California-Los Angeles,29.5,35.0,11.17,,3.22,18.0,Kevin Love,PF,79.75,255,83.25,106.0,,,15930,9896,2288,593,380,12008,5239,4437,3679,1749,1014
273,1641754,Penn State,31.5,35.5,11.02,,3.15,,Seth Lundy,SF,76.0,214.40,82.25,104.0,8.5,9.0,14,7,0,0,0,17,4,4,3,1,9
274,1626168,Kentucky,,,,,,,Trey Lyles,PF,81.0,241.2,85.5,108.0,9.25,10.25,5721,3205,785,289,261,4580,2034,1248,940,590,725
275,1630572,Seton Hall,30.5,36.5,11.63,3.3,3.21,,Sandro Mamukelashvili,C,81.0,239.80,85.25,106.5,9.0,9.5,1255,786,243,66,62,1011,465,228,164,130,234
276,1629611,Florida State,32.5,38.5,11.51,3.14,3.3,6.0,Terance Mann,SG-SF,76.75,204.6,79.75,101.0,9.5,9.25,3848,1650,911,274,106,2962,1485,634,489,364,479
277,1630544,Florida,,,,,,,Tre Mann,PG,75.25,177.60,76.0,98.5,8.0,9.0,2089,662,580,196,33,1882,788,276,216,288,222
278,1630230,nan,28.5,35.0,11.77,2.9,3.37,,Naji Marshall,SF,77.75,233.5,84.75,102.5,9.25,10.5,2637,1137,675,232,55,2128,970,589,463,358,299
279,1628997,North Carolina State,29.0,36.5,10.43,2.75,3.26,6.0,Caleb Martin,SF-SG,76.75,195.8,82.0,101.5,8.5,8.75,2961,1388,604,317,155,2465,1094,586,419,367,356
280,1628998,North Carolina State,29.0,36.5,10.64,3.05,3.09,4.0,Cody Martin,SG-SF,76.75,188.6,82.25,102.5,8.5,9.0,1951,1185,685,312,136,1719,744,377,252,293,312
281,1628998,North Carolina State,29.0,36.5,10.64,3.05,3.09,4.0,Cody Martin,PG-SG,76.75,192.2,82.25,102.5,8.25,9.0,1951,1185,685,312,136,1719,744,377,252,293,312
282,1628998,North Carolina State,28.0,35.5,10.44,2.99,3.32,7.0,Cody Martin,SG-SF,76.75,188.6,82.25,102.5,8.5,9.0,1951,1185,685,312,136,1719,744,377,252,293,312
283,1628998,North Carolina State,28.0,35.5,10.44,2.99,3.32,7.0,Cody Martin,PG-SG,76.75,192.2,82.25,102.5,8.25,9.0,1951,1185,685,312,136,1719,744,377,252,293,312
284,1630231,nan,31.5,38.5,11.93,2.58,3.16,,KJ Martin,SF-PF,78.0,213.2,79.25,102.0,8.5,8.75,3150,1503,470,183,179,2325,1267,605,407,301,412
285,1631213,Rhode Island,,,,,,,Tyrese Martin,SG-SF,,,,,,,544,231,124,35,9,488,198,60,48,76,76
286,1631097,Arizona,,,,,,,Bennedict Mathurin,SG,76.5,204.60,81.0,104.0,8.5,9.75,3314,935,371,130,51,2467,1100,1010,836,384,209
287,1630540,West Virginia,31.0,38.5,11.08,3.13,3.1,,Miles McBride,PG,73.0,195.20,80.75,99.5,9.0,9.5,1484,353,414,168,33,1324,536,168,131,101,236
288,1642272,nan,25.5,33.0,10.87,3.07,3.23,,Jared McCain,SG,74.0,203.20,75.5,98.0,8.25,9.5,352,56,60,15,0,274,126,56,49,37,23
289,203468,Lehigh,32.0,38.5,11.02,2.91,3.32,13.0,CJ McCollum,PG-SG,74.25,197,78.25,96.5,8.0,9.5,16784,3136,3320,774,348,14130,6407,2277,1799,1553,849
290,204456,Duquesne,26.0,31.5,10.95,3.09,3.3,7.0,T.J. McConnell,PG,72.5,187.8,74.0,96.5,7.5,7.0,5396,2054,3542,849,133,4663,2407,527,410,1126,706
291,1641755,Texas Tech,,,,,,,Kevin McCullar Jr.,SF,77.25,205.80,81.0,103.0,8.75,9.5,6,8,2,1,1,7,2,2,2,0,4
292,1629667,San Diego,29.5,33.5,11.54,3.23,3.32,0.0,Jalen McDaniels,SF,80.25,191.6,84.25,105.5,9.0,10.0,2454,1175,422,248,118,2031,916,466,371,308,332
293,203926,Creighton,28.5,36.5,11.1,3.15,3.29,,Doug McDermott,SF,78.25,218,81.25,103.0,8.75,9.75,7571,1893,871,194,86,6068,2830,828,664,558,908
294,1631121,Nebraska,29.5,34.0,11.12,3.16,3.27,,Bryce McGowens,SG,77.25,181.20,80.75,103.5,8.75,9.5,561,198,107,37,16,446,185,171,131,77,118
295,1629001,Southern California,31.0,36.5,11.48,3.33,3.23,1.0,De'Anthony Melton,SG-PG,74.25,193.2,80.5,99.5,8.5,9.5,3231,1316,988,502,172,2810,1152,494,385,488,356
296,203114,Texas A&M,28.0,31.0,11.45,,3.47,4.0,Khris Middleton,SF,78.75,216.2,82.75,103.0,9.0,9.0,13341,3837,3216,938,159,10524,4848,2493,2188,1672,813
297,1641706,Alabama,,,,,,,Brandon Miller,SF,,,,,,,1847,446,273,95,62,1574,674,252,211,208,101
298,1641757,Miami (FL),32.0,36.5,11.43,3.21,3.17,,Jordan Miller,SF,76.5,191.60,83.75,103.5,8.5,9.25,165,63,34,17,5,143,63,37,30,27,45
299,1631159,nan,30.0,36.5,11.11,3.02,3.36,,Leonard Miller,SF,80.5,211.00,86.0,106.5,9.25,10.5,49,31,8,4,2,35,19,10,9,3,30
300,1631159,nan,30.0,36.5,11.11,3.02,3.36,,Leonard Miller,PF,81.25,212.80,86.0,106.5,9.5,10.5,49,31,8,4,2,35,19,10,9,3,30
301,1631159,nan,32.0,37.5,11.0,,3.33,,Leonard Miller,SF,80.5,211.00,86.0,106.5,9.25,10.5,49,31,8,4,2,35,19,10,9,3,30
302,1631159,nan,32.0,37.5,11.0,,3.33,,Leonard Miller,PF,81.25,212.80,86.0,106.5,9.5,10.5,49,31,8,4,2,35,19,10,9,3,30
303,201988,St. Mary's (CA),27.5,33.0,10.87,,3.1,8.0,Patty Mills,PG,71.25,175.4,74.0,95.0,,,8242,1548,2070,614,84,6969,2937,898,772,894,982
304,1629003,Southern Methodist,30.0,33.0,11.07,3.19,3.25,2.0,Shake Milton,SG-PG,76.5,207.2,84.75,99.5,8.75,9.5,3430,962,1018,208,83,2835,1270,653,536,436,464
305,1642274,nan,31.0,38.5,11.45,3.12,3.12,,Yves Missi,C,82.75,229.40,86.0,109.5,9.5,10.0,665,601,99,37,98,492,269,204,127,82,73
306,1642349,nan,28.0,33.5,11.12,2.95,3.11,,Ajay Mitchell,PG,75.25,197.00,78.25,101.0,8.5,8.5,234,68,64,25,4,184,91,35,29,29,36
307,1630558,Baylor,,,,,,,Davion Mitchell,PG,72.0,202.40,76.25,96.5,8.25,8.75,2866,700,1358,260,74,2517,1125,326,227,475,375
308,1628378,Louisville,36.5,40.5,11.53,3.07,3.01,10.0,Donovan Mitchell,SG,73.25,211.4,82.0,97.0,8.5,9.5,13320,2324,2530,740,173,10512,4720,2692,2262,1447,539
309,1630596,Southern California,,,,,,,Evan Mobley,PF,,,,,,,4412,2408,784,222,419,3235,1772,1032,716,514,269
310,1642367,nan,31.5,37.5,11.14,3.07,3.02,,Jonathan Mogbo,PF,78.25,217.20,86.0,108.5,8.75,8.75,389,311,146,55,34,356,156,82,60,70,63
311,1630541,Arkansas,,,,,,,Moses Moody,SG,76.5,210.60,84.75,105.0,9.0,10.0,1787,570,227,126,72,1398,628,315,244,145,255
312,1631111,Duke,32.5,38.5,10.94,3.21,3.3,,Wendell Moore Jr.,SG,76.25,217.20,84.5,101.0,8.75,10.25,360,220,108,53,16,313,145,49,40,66,126
313,1629630,Murray State,,,,,,,Ja Morant,PG,,,,,,,6942,1448,2267,315,86,5344,2507,1975,1513,1037,307
314,202693,Kansas,27.0,31.5,,,3.4,11.0,Markieff Morris,PF,79.75,240.8,82.75,106.5,8.5,8.25,10136,4776,1553,730,461,8860,3889,1880,1459,1409,1021
315,1628420,Iowa State,28.0,33.5,11.0,3.2,3.19,8.0,Monté Morris,PG,73.25,175.2,76.0,96.5,8.25,8.75,4144,1046,1579,322,82,3450,1624,486,399,313,453
316,1630530,Virginia,34.0,38.0,11.65,3.32,3.14,,Trey Murphy III,SF,79.5,206.00,84.0,105.5,8.5,9.0,3448,976,462,219,117,2537,1152,622,544,214,251
317,1631099,Iowa,,,,,,,Keegan Murray,PF,,,,,,,3090,1298,336,201,170,2577,1161,277,225,184,233
318,1631200,Iowa,29.5,35.0,11.11,,3.3,,Kris Murray,PF,79.75,212.80,83.75,106.0,8.5,9.0,663,406,148,88,38,645,262,113,63,98,131
319,1629004,Kansas,27.0,33.0,12.4,3.25,3.53,8.0,Svi Mykhailiuk,SG-SF,78.5,219.6,77.0,100.0,8.0,9.25,3083,841,662,257,50,2716,1094,369,275,423,471
320,1629004,Kansas,27.0,33.0,12.4,3.25,3.53,8.0,Svi Mykhailiuk,SG-SF,78.5,211.6,76.75,100.0,8.25,9.5,3083,841,662,257,50,2716,1094,369,275,423,471
321,1629004,Kansas,30.5,37.0,11.25,3.18,3.15,4.0,Svi Mykhailiuk,SG-SF,78.5,219.6,77.0,100.0,8.0,9.25,3083,841,662,257,50,2716,1094,369,275,423,471
322,1629004,Kansas,30.5,37.0,11.25,3.18,3.15,4.0,Svi Mykhailiuk,SG-SF,78.5,211.6,76.75,100.0,8.25,9.5,3083,841,662,257,50,2716,1094,369,275,423,471
323,1629614,nan,26.5,35.0,10.46,3.02,3.26,,Andrew Nembhard,PG,75.0,195.60,77.75,99.0,8.0,9.5,1988,556,947,212,30,1705,791,254,202,339,208
324,1641803,nan,25.0,32.5,10.96,2.84,3.24,,Tristen Newton,PG,75.25,191.80,78.75,100.0,8.5,9.0,6,8,4,2,0,16,2,2,2,4,16
325,1627777,Iowa State,25.0,31.0,11.64,3.17,3.49,,Georges Niang,PF,78.75,230.8,82.0,103.0,9.25,9.25,4830,1626,645,204,92,3892,1741,355,299,461,623
326,1630227,nan,29.5,36.5,11.72,3.18,3.0,,Daishen Nix,PG,75.0,225.60,78.75,100.0,8.5,9.0,331,138,181,51,7,329,117,74,44,121,99
327,1630192,nan,33.0,38.0,10.94,2.72,3.2,,Zeke Nnaji,PF-C,81.25,246.8,86.0,105.5,9.0,10.5,1053,566,100,81,116,776,395,248,162,102,251
328,1629669,Washington,32.0,38.5,10.76,3.13,3.23,2.0,Jaylen Nowell,SG,75.25,202.4,79.25,98.0,8.25,8.5,1896,469,399,103,36,1655,731,292,231,154,218
329,1629643,Auburn,,,,,,,Chuma Okeke,,,,,,,,1295,798,306,183,90,1213,474,139,109,134,207
330,1629006,Georgia Tech,33.0,42.0,11.08,3.03,3.04,12.0,Josh Okogie,SG,75.0,210.8,84.0,102.0,9.0,9.75,2924,1343,513,436,193,2308,946,976,729,377,456
331,203482,Gonzaga,24.5,29.5,11.42,2.99,3.59,5.0,Kelly Olynyk,PF-C,82.75,234,81.75,108.0,8.5,10.0,10230,5230,2653,818,461,7459,3659,2215,1773,1640,992
332,1626162,Kansas,34.5,37.0,11.09,3.12,3.32,7.0,Kelly Oubre Jr.,SF-SG,77.75,202.8,86.25,102.5,9.0,8.75,9743,3357,831,770,385,8047,3533,2106,1587,831,724
333,101108,Wake Forest,32.0,38.0,11.09,,3.22,10.0,Chris Paul,PG,71.75,178,76.25,93.0,,,23011,5978,12499,2717,222,17352,8147,5579,4857,3093,1354
334,1626166,Murray State,29.75,35.5,10.9,2.93,3.28,0.0,Cameron Payne,PG,72.75,182.8,79.25,97.5,8.5,8.25,4691,1188,1893,386,122,4236,1768,542,452,667,626
335,203901,Louisiana-Lafayette,31.5,35.5,11.06,2.92,3.23,,Elfrid Payton,PG,74.5,185.4,80.0,98.5,8.75,9.0,6003,2439,3592,719,195,5577,2495,1264,791,1370,611
336,1627780,Oregon State,31.5,38.5,11.57,3.17,3.23,,Gary Payton II,PG,74.0,183.8,80.0,99.5,8.75,9.5,1651,876,363,290,86,1270,699,168,104,184,315
337,1641763,Tennessee,36.0,43.0,11.09,,3.32,,Julian Phillips,SF,78.75,196.60,83.5,102.0,8.5,9.0,455,205,52,45,27,364,160,95,73,37,119
338,1629618,Siena,28.5,33.0,11.91,3.41,3.35,,Jalen Pickett,PG,74.0,197.80,79.25,98.5,8.5,7.5,242,85,128,23,5,215,92,12,9,33,76
339,1630590,Vanderbilt,30.5,37.5,11.07,3.1,3.21,,Scotty Pippen Jr.,PG,72.0,180.00,77.75,95.5,7.75,9.0,1064,330,447,141,41,809,389,235,168,196,106
340,203486,Duke,30.5,36.0,10.89,2.76,3.29,14.0,Mason Plumlee,C-PF,83.25,238.2,83.0,108.0,9.75,9.5,8617,7072,2574,711,842,5676,3383,3172,1849,1449,1020
341,1641764,Santa Clara,31.5,39.0,11.16,3.2,3.21,,Brandin Podziemski,SG,75.75,203.80,77.5,96.5,8.25,10.0,1429,752,493,130,27,1226,551,174,122,163,138
342,1627751,Utah,,,,,,,Jakob Poeltl,C,84.25,239,86.75,111.5,9.25,10.25,6208,4806,1280,447,843,4341,2737,1303,731,846,667
343,1629673,Michigan,28.0,35.5,10.59,3.14,3.27,,Jordan Poole,SG,75.5,190.8,78.75,99.5,8.25,8.5,6942,1110,1552,356,115,5555,2343,1412,1241,956,412
344,1629645,Southern California,27.0,34.0,10.82,3.03,3.14,2.0,Kevin Porter Jr.,SG,76.0,212.6,81.0,103.0,8.75,8.75,4550,1398,1499,378,87,3784,1654,990,733,836,346
345,1629008,Missouri,,,,,,,Michael Porter Jr.,SF-PF,81.5,211,84.25,108.5,8.75,9.25,5597,2209,485,206,201,4247,2123,639,508,402,345
346,1626171,Arkansas,25.0,31.5,11.78,3.28,3.56,5.0,Bobby Portis,PF,81.5,246.2,86.0,108.5,9.5,9.25,8528,5088,922,430,267,7252,3445,1076,826,790,704
347,1642366,nan,24.0,27.0,11.48,3.03,3.4,,Quinten Post,C,84.0,244.40,86.5,112.0,9.25,10.0,340,148,56,16,18,274,123,27,21,33,42
348,203939,Stanford,28.5,35.0,11.28,2.88,3.2,,Dwight Powell,PF,81.5,234.4,84.5,105.0,9.0,9.25,4844,3045,741,425,315,2983,1793,1535,1131,477,734
349,1626181,California-Los Angeles,32.5,40.5,10.69,3.2,3.2,5.0,Norman Powell,SG,75.0,215.4,82.75,102.5,9.25,9.0,10293,2008,1166,631,201,7576,3567,2201,1823,961,731
350,1627752,Baylor,34.0,36.0,10.96,2.8,3.24,,Taurean Prince,SF,78.5,220.2,83.5,102.0,9.0,8.5,6134,2233,1081,503,247,5102,2173,906,738,850,623
351,1641765,Marquette,35.0,40.5,10.59,3.0,3.21,,Olivier-Maxence Prosper,PF,78.75,212.40,85.0,104.0,8.25,10.0,322,205,62,33,10,278,110,117,77,22,92
352,1629674,Utah State,24.0,32.5,12.04,3.45,3.73,1.0,Neemias Queta,C,82.75,225.8,88.25,111.5,9.5,11.0,521,400,72,32,73,354,222,108,77,60,110
353,1629674,Utah State,24.0,32.5,12.04,3.45,3.73,1.0,Neemias Queta,C,83.25,248.40,88.0,112.5,9.25,10.5,521,400,72,32,73,354,222,108,77,60,110
354,1629674,Utah State,27.0,33.0,11.85,3.5,3.29,,Neemias Queta,C,82.75,225.8,88.25,111.5,9.5,11.0,521,400,72,32,73,354,222,108,77,60,110
355,1629674,Utah State,27.0,33.0,11.85,3.5,3.29,,Neemias Queta,C,83.25,248.40,88.0,112.5,9.25,10.5,521,400,72,32,73,354,222,108,77,60,110
356,1630193,Kentucky,29.5,35.5,11.21,2.46,3.17,,Immanuel Quickley,SG,74.0,185.8,80.25,99.0,8.0,8.75,5698,1356,1534,287,53,4466,1892,1241,1064,517,392
357,203944,Kentucky,29.0,35.5,11.45,3.14,3.27,,Julius Randle,PF,79.75,249.7,84.0,105.5,8.75,8.25,13517,6492,2710,486,284,10384,4896,3816,2875,1994,710
358,1630559,Wichita State,25.0,35.0,10.94,3.19,3.07,,Austin Reaves,SG,76.5,197.20,78.25,101.0,8.0,8.25,4052,1067,1196,209,86,2785,1339,1021,881,490,280
359,1629629,Duke,,,,,,,Cam Reddish,SF,78.5,207.8,84.5,105.5,9.0,9.0,3035,871,402,347,119,2585,1046,662,555,381,343
360,1630194,DePaul,26.5,37.5,12.29,2.67,3.45,,Paul Reed,PF,80.5,219.2,86.0,109.5,9.0,8.75,1275,1026,208,195,187,1005,551,200,141,160,260
361,1641810,nan,29.0,36.0,11.44,3.16,3.14,,Antonio Reeves,SG,76.5,186.60,80.25,100.5,9.0,10.0,305,63,39,21,4,248,113,35,28,30,44
362,1629675,Louisiana State,26.0,32.5,12.03,3.76,3.42,3.0,Naz Reid,PF,80.25,255.8,87.25,109.0,9.5,9.25,4699,1983,542,256,367,3651,1779,786,572,484,406
363,1631197,Seton Hall,,,,,,,Jared Rhoden,SG-SF,,,,,,,364,154,50,27,18,284,134,64,55,28,59
364,1630208,Kentucky,30.0,34.0,11.42,2.92,3.25,,Nick Richards,C,82.5,241.6,86.25,110.0,9.0,9.0,2407,1984,205,74,276,1482,931,736,544,321,314
365,1642258,nan,25.0,31.0,11.51,2.97,3.38,,Zaccharie Risacher,SF,80.5,194.6,81.5,107.0,8.5,8.75,942,268,92,52,37,779,357,149,106,92,75
366,1631115,Fresno State,23.0,27.5,11.4,3.23,3.55,,Orlando Robinson,C,81.75,244.40,88.0,111.0,8.75,10.0,821,650,213,53,52,683,315,196,149,132,155
367,1630526,Villanova,27.0,32.0,11.64,3.15,3.29,,Jeremiah Robinson-Earl,PF,79.75,242.40,81.75,105.5,9.0,9.75,1191,845,201,102,37,1014,447,167,133,125,197
368,1631223,Colorado State,27.0,35.5,10.75,3.1,3.22,,David Roddy,PF,76.5,260.80,83.5,105.0,8.75,10.0,1622,783,289,111,59,1488,624,253,175,215,266
369,1631157,Winter Park,30.5,36.5,11.26,3.28,3.07,,Ryan Rollins,SG,74.0,179.20,81.75,100.5,8.0,8.5,460,146,138,63,24,345,167,85,68,85,94
370,1626179,Louisville,33.0,38.0,10.84,2.84,3.15,7.0,Terry Rozier,PG-SG,72.5,190.2,80.25,98.5,8.25,8.5,10457,2857,2679,677,185,9044,3805,1610,1342,1003,726
371,1641712,nan,27.5,32.5,11.18,,3.43,,Rayan Rupert,SF,78.0,193.20,86.0,106.0,8.5,9.5,310,162,87,28,7,303,112,55,42,61,91
372,1626156,Ohio State,,,,,,,D'Angelo Russell,PG-SG,75.25,193.4,81.75,102.0,8.75,9.75,13902,2670,4605,840,272,11583,4962,2415,1937,2087,803
373,1642275,nan,27.5,32.0,11.45,3.05,3.37,,Tidjane Salaün,PF,80.75,217.4,85.5,110.0,8.5,9.75,353,280,74,29,14,345,114,94,67,58,60
374,1641766,Connecticut,28.5,31.0,11.5,,3.31,,Adama Sanogo,C,79.25,257.80,86.75,108.5,9.75,10.0,44,42,1,1,0,34,18,12,8,6,13
375,1642259,nan,30.5,37.0,11.43,3.23,3.27,,Alex Sarr,C,83.75,224.20,88.25,110.0,9.0,10.0,869,435,161,44,101,828,326,165,112,114,67
376,1631204,Houston,,,,,,,Marcus Sasser,PG,,,,,,,961,194,369,81,16,808,356,117,101,144,128
377,1631204,Houston,,,,,,,Marcus Sasser,PG,73.25,195.60,79.0,99.5,8.75,9.5,961,194,369,81,16,808,356,117,101,144,128
378,1631204,Houston,27.0,35.0,10.68,,3.43,,Marcus Sasser,PG,,,,,,,961,194,369,81,16,808,356,117,101,144,128
379,1631204,Houston,27.0,35.0,10.68,,3.43,,Marcus Sasser,PG,73.25,195.60,79.0,99.5,8.75,9.5,961,194,369,81,16,808,356,117,101,144,128
380,1631248,nan,27.5,32.0,10.89,2.94,3.09,,Baylor Scheierman,SF,78.25,201.60,80.25,102.5,9.25,9.75,113,65,33,17,2,110,39,12,9,12,31
381,203471,nan,30.0,34.0,11.09,2.86,3.21,1.0,Dennis Schröder,PG,73.0,164.8,79.75,98.0,8.75,10.5,14707,3088,5285,876,158,12429,5347,3108,2602,2324,1062
382,1641729,Ohio State,,,,,,,Brice Sensabaugh,SF,,,,,,,1013,312,165,59,14,817,360,114,102,154,103
383,1629012,Alabama,,,,,,,Collin Sexton,PG,72.5,183,79.25,98.5,8.25,8.5,7658,1144,1505,317,53,5921,2784,1764,1479,951,407
384,1629013,Wichita State,31.0,39.5,11.26,3.21,3.11,8.0,Landry Shamet,PG,76.0,188.6,78.75,100.0,8.0,9.0,4035,796,714,227,66,3250,1352,536,444,309,477
385,1630545,Texas Tech,32.5,39.5,11.51,3.12,3.21,,Terrence Shannon Jr.,SF,77.5,206.60,80.25,100.0,8.0,8.0,138,47,32,7,5,114,55,21,17,15,32
386,1630545,Texas Tech,32.5,39.5,11.51,3.12,3.21,,Terrence Shannon Jr.,SF,77.5,220.00,80.0,102.0,8.25,8.0,138,47,32,7,5,114,55,21,17,15,32
387,1630545,Texas Tech,32.5,39.5,11.51,3.12,3.21,,Terrence Shannon Jr.,SF,77.75,219.40,80.75,100.0,8.75,8.5,138,47,32,7,5,114,55,21,17,15,32
388,1630545,Texas Tech,32.0,37.5,10.36,,3.06,,Terrence Shannon Jr.,SF,77.5,206.60,80.25,100.0,8.0,8.0,138,47,32,7,5,114,55,21,17,15,32
389,1630545,Texas Tech,32.0,37.5,10.36,,3.06,,Terrence Shannon Jr.,SF,77.5,220.00,80.0,102.0,8.25,8.0,138,47,32,7,5,114,55,21,17,15,32
390,1630545,Texas Tech,32.0,37.5,10.36,,3.06,,Terrence Shannon Jr.,SF,77.75,219.40,80.75,100.0,8.75,8.5,138,47,32,7,5,114,55,21,17,15,32
391,1630545,Texas Tech,,,,,,,Terrence Shannon Jr.,SF,77.5,206.60,80.25,100.0,8.0,8.0,138,47,32,7,5,114,55,21,17,15,32
392,1630545,Texas Tech,,,,,,,Terrence Shannon Jr.,SF,77.5,220.00,80.0,102.0,8.25,8.0,138,47,32,7,5,114,55,21,17,15,32
393,1630545,Texas Tech,,,,,,,Terrence Shannon Jr.,SF,77.75,219.40,80.75,100.0,8.75,8.5,138,47,32,7,5,114,55,21,17,15,32
394,1630549,North Carolina,,,,,,,Day'Ron Sharpe,C,,,,,,,1237,1079,230,90,133,931,512,293,190,205,191
395,1631101,nan,,,,,,,Shaedon Sharpe,SG,76.25,198.00,83.5,103.5,9.0,9.25,2634,720,386,128,52,2186,981,466,363,305,184
396,1642347,nan,30.0,37.5,10.87,2.87,2.94,,Jamal Shead,PG,72.25,200.80,75.0,96.0,8.25,8.75,533,115,316,58,10,504,204,69,53,117,75
397,1641767,Belmont,29.5,35.5,10.88,2.98,3.17,,Ben Sheppard,SG,77.25,194.60,79.75,100.0,8.5,9.5,584,266,138,71,16,516,210,53,47,37,120
398,1642263,nan,32.5,42.0,10.96,3.03,3.08,,Reed Sheppard,PG,73.75,181.60,75.25,93.5,7.75,9.0,229,78,75,35,17,239,84,16,13,37,52
399,1627783,New Mexico State,30.5,36.5,11.25,3.09,3.41,,Pascal Siakam,PF,80.25,226.6,87.25,107.5,9.25,10.0,13062,4748,2603,632,399,9957,5013,2978,2259,1273,709
400,1629014,nan,32.0,41.5,11.27,3.16,3.1,1.0,Anfernee Simons,SG-PG,74.25,183.2,81.25,99.5,8.75,9.0,5837,973,1265,200,48,4804,2069,832,732,627,389
401,1642354,nan,32.5,40.5,10.49,2.98,3.24,,KJ Simpson,PG,72.25,187.00,76.5,93.5,8.25,9.25,282,109,112,34,6,301,104,50,41,56,36
402,1630579,Texas,37.0,44.5,11.59,3.38,3.05,,Jericho Sims,C,81.0,250.20,87.25,106.0,9.0,9.75,556,952,137,54,107,358,250,95,56,129,244
403,203935,Oklahoma State,33.0,36.0,10.82,2.96,3.26,,Marcus Smart,PG,74.0,227.2,81.25,99.0,9.0,8.75,7040,2254,3004,1033,237,6100,2369,1614,1251,1252,669
404,1630188,Maryland,,,,,,,Jalen Smith,PF-C,81.25,224.6,86.25,110.0,9.25,9.25,2760,1739,246,86,228,2061,1040,541,409,244,322
405,1641890,nan,32.0,38.0,10.74,2.99,3.28,,Tyler Smith,PF,81.0,223.80,85.0,105.0,8.5,9.0,67,25,4,3,4,50,24,8,6,8,23
406,1631095,Auburn,,,,,,,Jabari Smith Jr.,PF,,,,,,,2752,1584,282,120,176,2291,990,517,416,254,212
407,1641733,Arkansas,,,,,,,Nick Smith Jr.,SG,,,,,,,893,200,204,27,13,857,335,61,56,121,111
408,1631110,Baylor,,,,,,,Jeremy Sochan,PF,,,,,,,2092,1123,519,150,90,1797,841,385,279,321,184
409,1642285,nan,23.0,30.5,11.07,3.0,3.35,,Cam Spencer,SG,75.0,201.80,77.0,98.5,8.5,9.75,106,30,34,9,1,82,34,19,19,6,25
410,1630531,Tennessee,34.5,41.5,11.46,3.1,3.13,,Jaden Springer,SG,75.0,202.00,79.75,99.0,8.5,9.75,588,288,162,127,43,512,206,168,130,104,202
411,1630205,nan,35.0,41.0,10.35,2.54,3.2,,Lamar Stevens,SF-PF,77.75,228,81.0,101.0,8.5,9.75,1494,759,166,126,97,1286,592,302,222,149,258
412,1630191,Washington,,,,,,,Isaiah Stewart,C,79.25,243,88.75,108.5,9.0,10.5,2631,2177,407,126,337,2037,1033,516,378,354,307
413,1631124,Gonzaga,28.5,35.0,10.3,3.37,3.26,,Julian Strawther,SF,77.75,207.60,81.5,104.5,8.25,8.5,815,203,130,56,23,708,292,121,96,80,115
414,1631124,Gonzaga,28.5,35.0,10.3,3.37,3.26,,Julian Strawther,SF,78.0,208.80,81.25,105.0,8.25,8.25,815,203,130,56,23,708,292,121,96,80,115
415,1631124,Gonzaga,27.5,34.5,10.94,3.46,3.31,,Julian Strawther,SF,77.75,207.60,81.5,104.5,8.25,8.5,815,203,130,56,23,708,292,121,96,80,115
416,1631124,Gonzaga,27.5,34.5,10.94,3.46,3.31,,Julian Strawther,SF,78.0,208.80,81.25,105.0,8.25,8.25,815,203,130,56,23,708,292,121,96,80,115
417,1631207,Arizona,,,,,,,Dalen Terry,SG,78.0,195.20,84.75,106.0,8.5,9.0,591,274,200,82,38,497,221,133,88,93,170
418,1630560,Louisiana State,,,,,,,Cam Thomas,SG,,,,,,,3255,553,442,113,33,2603,1144,764,657,304,215
419,1641708,nan,,,,,,,Amen Thompson,SG,77.75,214.20,84.0,103.5,8.5,8.5,1562,973,428,175,127,1143,627,402,275,228,131
420,1641709,nan,,,,,,,Ausar Thompson,SG,77.75,218.20,84.0,104.0,8.75,9.25,1150,705,254,166,99,940,478,261,162,164,122
421,202691,Washington State,26.5,31.5,10.99,,3.24,5.0,Klay Thompson,SG,77.75,205.6,81.0,103.5,8.75,9.25,16536,3041,1988,726,443,13657,6155,1778,1529,1424,865
422,202684,Texas,30.0,35.0,10.92,,3.26,9.0,Tristan Thompson,PF,79.5,227.4,85.25,108.5,8.75,9.25,7166,6716,834,401,547,5575,2899,2305,1357,913,876
423,1630550,Auburn,31.5,35.0,12.19,3.08,3.06,,JT Thor,PF,80.5,203.00,87.25,110.0,9.25,9.5,670,437,96,57,79,594,249,131,86,87,205
424,1630214,nan,26.0,32.5,11.8,3.01,3.49,,Xavier Tillman,PF-C,79.5,266.5,86.0,106.0,10.25,11.0,1673,1189,394,264,170,1432,708,317,176,205,314
425,1631166,Gonzaga,25.5,31.5,11.71,3.31,3.38,,Drew Timme,C,80.25,231.60,86.0,107.5,9.0,10.0,109,65,20,4,1,102,45,16,10,15,9
426,1631166,Gonzaga,25.5,31.5,11.71,3.31,3.38,,Drew Timme,C,80.75,243.20,85.75,108.5,9.0,10.0,109,65,20,4,1,102,45,16,10,15,9
427,1631166,Gonzaga,26.0,30.5,10.93,,3.34,,Drew Timme,C,80.25,231.60,86.0,107.5,9.0,10.0,109,65,20,4,1,102,45,16,10,15,9
428,1631166,Gonzaga,26.0,30.5,10.93,,3.34,,Drew Timme,C,80.75,243.20,85.75,108.5,9.0,10.0,109,65,20,4,1,102,45,16,10,15,9
429,1641772,Kansas State,,,,,,,Nae'Qwan Tomlin,PF,,,,,,,36,21,2,0,1,32,13,11,8,2,5
430,1641772,Kansas State,,,,,,,Nae'Qwan Tomlin,PF,80.25,205.00,86.5,109.0,9.0,10.0,36,21,2,0,1,32,13,11,8,2,5
431,1641772,Kansas State,27.5,32.5,11.63,3.54,3.43,,Nae'Qwan Tomlin,PF,,,,,,,36,21,2,0,1,32,13,11,8,2,5
432,1641772,Kansas State,27.5,32.5,11.63,3.54,3.43,,Nae'Qwan Tomlin,PF,80.25,205.00,86.5,109.0,9.0,10.0,36,21,2,0,1,32,13,11,8,2,5
433,1642260,nan,,,,,,,Nikola Topić,PG,77.75,203,77.5,102.0,8.0,9.0,0,0,0,0,0,0,0,0,0,0,0
434,1629018,nan,33.5,39.5,11.37,2.99,3.12,12.0,Gary Trent Jr.,SG,76.25,204.2,80.75,98.0,8.5,9.5,6586,1135,679,536,85,5586,2351,861,704,328,473
435,1631131,West Virginia,29.5,32.5,12.26,,3.32,,Oscar Tshiebwe,C,79.25,253.60,87.5,108.0,9.75,10.25,133,138,11,15,2,90,52,39,29,10,22
436,1626167,Texas,,,,,,,Myles Turner,C-PF,81.75,238.6,88.0,112.0,9.25,9.25,9031,4349,813,440,1412,6683,3336,2078,1603,909,642
437,1642281,nan,29.5,36.5,11.13,3.06,3.12,,Jaylon Tyson,SF,77.5,218.20,80.0,102.5,8.25,9.5,167,96,44,13,3,149,64,24,19,26,47
438,1641774,nan,26.0,30.5,11.71,3.16,3.43,,Tristan Vukcevic,C,83.25,223.40,86.5,111.0,9.0,10.25,415,166,52,16,30,309,149,89,69,52,45
439,202696,Southern California,23.5,25.0,12.02,,3.27,8.0,Nikola Vučević,PF-C,82.25,259.8,88.5,112.5,9.25,10.25,18358,10987,3081,886,892,15729,7796,2182,1692,1796,1042
440,1629021,Michigan,25.5,32.5,12.0,2.98,3.35,,Moritz Wagner,PF,82.0,231.2,84.0,108.0,8.75,10.75,3638,1582,489,211,127,2488,1291,947,765,461,408
441,1629021,Michigan,25.5,32.5,12.0,2.98,3.35,,Moritz Wagner,C-PF,82.5,241.4,84.0,108.0,9.0,10.75,3638,1582,489,211,127,2488,1291,947,765,461,408
442,1629021,Michigan,27.0,34.0,11.48,3.07,3.18,8.0,Moritz Wagner,PF,82.0,231.2,84.0,108.0,8.75,10.75,3638,1582,489,211,127,2488,1291,947,765,461,408
443,1629021,Michigan,27.0,34.0,11.48,3.07,3.18,8.0,Moritz Wagner,C-PF,82.5,241.4,84.0,108.0,9.0,10.75,3638,1582,489,211,127,2488,1291,947,765,461,408
444,1631133,Colorado,29.5,32.5,11.53,3.12,3.24,,Jabari Walker,PF,78.75,213.80,82.75,105.0,8.75,9.75,1167,850,142,85,41,936,435,287,212,129,188
445,1641716,Houston,34.5,38.0,10.89,,3.2,,Jarace Walker,PF,78.5,248.60,86.5,104.5,9.0,10.0,581,292,150,69,36,470,215,78,54,95,108
446,1629022,Miami (FL),31.5,40.0,10.87,2.91,3.06,12.0,Lonnie Walker IV,SG,75.75,196.2,82.25,99.5,9.0,9.5,3418,791,518,184,93,3007,1268,484,385,306,342
447,1641717,Kentucky,28.0,36.0,10.82,,3.34,,Cason Wallace,PG,74.5,195.20,80.5,101.0,8.5,9.25,1129,416,293,196,72,931,449,74,59,104,150
448,1641775,Arkansas,33.0,36.0,10.83,,3.3,,Jordan Walsh,SF,77.75,204.00,85.75,107.0,8.75,8.5,97,89,24,17,12,98,36,14,8,20,61
449,1642266,nan,30.5,38.5,11.0,2.92,3.04,,Ja'Kobe Walter,SG,76.25,197.60,82.0,102.5,8.75,9.75,449,160,81,43,10,393,159,83,66,50,52
450,1642276,nan,32.5,36.0,10.97,2.91,3.29,,Kel'el Ware,C,83.75,230.00,88.5,112.5,9.5,10.25,595,473,60,39,71,464,257,67,46,57,64
451,1629023,Kentucky,27.0,34.0,11.39,3.43,3.2,3.0,P.J. Washington,PF,78.5,223,86.5,107.0,9.0,10.25,6060,2693,1019,450,441,5072,2263,1024,722,723,463
452,1629023,Kentucky,27.0,34.0,11.39,3.43,3.2,3.0,P.J. Washington,PF,78.5,230.4,86.5,106.5,9.0,10.25,6060,2693,1019,450,441,5072,2263,1024,722,723,463
453,1629023,Kentucky,,,,,,,P.J. Washington,PF,78.5,223,86.5,107.0,9.0,10.25,6060,2693,1019,450,441,5072,2263,1024,722,723,463
454,1629023,Kentucky,,,,,,,P.J. Washington,PF,78.5,230.4,86.5,106.5,9.0,10.25,6060,2693,1019,450,441,5072,2263,1024,722,723,463
455,1631102,Kentucky,,,,,,,TyTy Washington Jr.,SG,74.25,196.40,80.0,99.5,8.5,9.25,194,63,68,21,2,225,78,24,13,19,58
456,1630570,Louisiana State,28.0,35.0,11.69,3.23,3.27,,Trendon Watford,PF,79.5,237.40,86.25,105.0,9.5,9.5,1705,791,407,107,71,1251,651,413,313,261,217
457,1631212,California-Los Angeles,28.0,33.5,11.03,3.24,3.28,,Peyton Watson,SF,78.75,203.40,84.5,107.5,8.5,9.5,1158,528,191,92,192,934,441,263,177,122,171
458,1642377,nan,27.5,36.0,11.28,3.03,3.08,,Jaylen Wells,SF,78.5,206.20,79.25,103.5,8.25,9.25,823,268,135,44,8,676,287,135,111,69,79
459,1641705,nan,,,,,,,Victor Wembanyama,C,,,,,,,2638,1261,442,140,430,2043,959,556,450,409,117
460,1631104,Notre Dame,30.0,36.0,11.55,3.25,3.21,,Blake Wesley,SG,75.0,187.20,81.25,103.0,8.25,9.0,669,237,378,91,20,616,252,183,116,174,156
461,201566,California-Los Angeles,30.0,36.5,10.98,,3.08,12.0,Russell Westbrook,PG,74.25,192,79.75,100.0,,,27364,9100,10476,2031,439,22481,9860,8059,6188,5084,1310
462,1629632,North Carolina,,,,,,,Coby White,PG,75.5,191.4,77.0,97.5,7.75,9.0,6405,1539,1618,292,72,5262,2278,999,864,752,422
463,1628401,Colorado,31.0,36.5,10.84,2.92,3.08,10.0,Derrick White,PG,75.25,189.8,79.5,101.5,8.25,8.5,7391,2069,2431,469,504,5737,2550,1443,1232,813,569
464,1641727,Duke,,,,,,,Dariq Whitehead,SG,77.75,217.20,82.25,103.5,8.5,10.0,117,33,15,6,2,101,40,7,4,15,22
465,1641715,Virginia,31.5,40.5,10.82,3.33,3.2,,Cam Whitmore,SF,77.75,235.00,80.5,103.5,8.0,8.25,1056,331,82,61,30,870,391,184,130,92,98
466,1630598,Maryland,29.5,36.0,11.2,3.0,3.04,,Aaron Wiggins,SG-SF,76.5,190.00,81.75,103.0,8.75,8.5,2351,869,368,185,62,1805,909,316,251,234,274
467,1631214,Wake Forest,30.0,35.5,10.96,3.11,3.15,,Alondes Williams,SG,75.75,209.00,79.0,102.0,8.5,9.25,10,2,1,0,1,10,4,1,1,4,9
468,1642262,nan,31.0,35.5,11.17,2.93,3.06,,Cody Williams,SF,78.5,178.40,85.0,103.0,8.25,9.0,230,113,59,23,16,257,83,40,29,44,50
469,1629684,Tennessee,26.0,31.5,10.83,3.27,3.33,20.0,Grant Williams,PF,77.75,240.2,81.75,104.5,9.0,10.5,3508,1711,726,247,239,2699,1222,639,492,496,456
470,1631114,Nova,33.5,39.0,11.13,3.17,3.11,,Jalen Williams,SG,76.5,209.20,86.25,105.5,8.5,9.5,3901,988,924,294,126,2955,1515,711,571,396,215
471,1631119,Arkansas,24.5,30.0,11.64,3.1,3.5,,Jaylin Williams,C,80.75,236.60,85.0,108.5,8.5,10.5,842,737,306,78,68,683,294,125,94,106,165
472,1629026,Texas Christian,28.0,33.0,10.86,3.28,3.19,14.0,Kenrich Williams,SF,78.0,200.4,79.25,103.5,8.5,9.75,2490,1609,695,297,100,2134,1004,255,140,283,391
473,1631109,Duke,,,,,,,Mark Williams,C,84.0,242.40,90.5,117.0,9.0,9.75,1300,935,149,76,119,849,528,324,244,128,106
474,1630533,Stanford,34.0,39.5,10.69,3.04,3.12,,Ziaire Williams,SF,80.25,188.40,82.25,106.5,9.0,8.75,1763,675,259,147,55,1518,639,275,223,211,213
475,1629627,Duke,,,,,,,Zion Williamson,PF,,,,,,,5279,1415,920,219,138,3468,2041,1690,1165,608,214
476,1630592,Kansas,,,,,,,Jalen Wilson,SF-PF,,,,,,,963,401,190,51,9,799,322,211,173,98,122
477,1630592,Kansas,,,,,,,Jalen Wilson,SF,77.5,230.20,80.0,99.5,8.25,9.0,963,401,190,51,9,799,322,211,173,98,122
478,1630592,Kansas,31.5,35.0,11.26,3.15,3.2,,Jalen Wilson,SF-PF,,,,,,,963,401,190,51,9,799,322,211,173,98,122
479,1630592,Kansas,31.5,35.0,11.26,3.15,3.2,,Jalen Wilson,SF,77.5,230.20,80.0,99.5,8.25,9.0,963,401,190,51,9,799,322,211,173,98,122
480,1631209,Miami (FL),32.5,37.0,10.93,,3.22,,Isaiah Wong,SG,74.5,178.40,78.75,97.5,8.25,9.5,122,32,28,11,0,108,42,34,25,18,21
481,1626153,Utah,29.5,31.0,11.16,3.5,3.29,4.0,Delon Wright,PG,76.25,181.4,79.5,101.5,8.0,8.5,5289,2337,2358,933,271,4389,1938,1122,892,673,773
482,1629027,Oklahoma,,,,,,,Trae Young,PG,72.5,177.8,75.0,95.5,8.0,9.25,12220,1687,4748,505,74,8935,3865,3679,3213,2051,483
483,1641783,nan,28.5,35.5,10.81,2.82,3.09,,Tristan da Silva,PF,80.25,216.80,82.25,104.5,9.0,9.5,533,245,113,33,18,483,199,63,55,56,74
